src_id,tgt_id,sbert_score,predicted_rel
5.2-1,5.2.2-4,0.7093,OVERLAP
5.3-11,5.3.1-2.2,0.6931,COMPLEMENTARITY
5.3-8,5.4.1-1,0.679,COMPLEMENTARITY
5.3-8,5.1.1-2.1,0.6564,COMPLEMENTARITY
5.3-11,5.4.1-1,0.6489,COMPLEMENTARITY
5.3-11,5.1.1-2.1,0.6331,COMPLEMENTARITY
5.3-8,5.3.1-3,0.6261,COMPLEMENTARITY
5.6-9,5.2.3-1,0.6198,COMPLEMENTARITY
5.3-8,5.3.1-2.2,0.6122,COMPLEMENTARITY
5.3-4A,5.3.1-2.2,0.6082,COMPLEMENTARITY
5.3-11,5.3.1-3,0.607,COMPLEMENTARITY
5.3-4A,5.4.1-1,0.5959,COMPLEMENTARITY
5.3-4A,5.3.1-3,0.5848,COMPLEMENTARITY
5.3-11,5.4.1-1.1,0.5773,COMPLEMENTARITY
5.6-9,5.2.1-2,0.5761,COMPLEMENTARITY
5.3-4B,5.4.1-1,0.5719,COMPLEMENTARITY
5.6-9,5.2.5-1,0.57,COMPLEMENTARITY
5.6-9,5.2.2-6,0.5696,COMPLEMENTARITY
5.2-3,5.4.2-4,0.5646,COMPLEMENTARITY
5.3-4B,5.3.1-3,0.5641,COMPLEMENTARITY
5.3-4B,5.3.1-2.2,0.5611,COMPLEMENTARITY
5.8-2,5.2.1-4,0.5596,COMPLEMENTARITY
5.3-11,5.2.2-4,0.5583,COMPLEMENTARITY
5.3-4A,5.1.1-2.1,0.5582,COMPLEMENTARITY
5.3-5,5.3.1-2.2,0.5558,COMPLEMENTARITY
5.3-13,5.2.2-4,0.554,COMPLEMENTARITY
5.6-9,5.3.1-3,0.5458,COMPLEMENTARITY
5.6-9,5.4.2-4,0.544,COMPLEMENTARITY
5.8-1,5.2.1-4,0.5431,COMPLEMENTARITY
5.3-4A,5.4.1-1.1,0.5424,COMPLEMENTARITY
5.2-2,5.3.1-3,0.5388,COMPLEMENTARITY
5.3-13,5.4.1-1,0.5343,COMPLEMENTARITY
5.5-8,5.1.3-1.1,0.5326,COMPLEMENTARITY
5.3-5,5.4.1-1,0.527,COMPLEMENTARITY
5.6-9,5.2.2-1,0.5266,COMPLEMENTARITY
5.3-8,5.2.2-4,0.5245,COMPLEMENTARITY
5.3-8,5.4.1-1.1,0.5227,COMPLEMENTARITY
5.6-9,5.2.3-2.1,0.5207,COMPLEMENTARITY
5.2-2,5.2.2-4,0.5206,COMPLEMENTARITY
5.2-2,5.4.1-1,0.5199,COMPLEMENTARITY
5.3-11,5.1.2-5.1,0.5171,COMPLEMENTARITY
5.3-11,5.1.1-2,0.5149,COMPLEMENTARITY
5.13-1B,5.2.1-4,0.5139,COMPLEMENTARITY
5.6-9,5.2.2-4,0.5113,COMPLEMENTARITY
5.3-4B,5.4.2-4,0.5105,COMPLEMENTARITY
5.6-9,5.1.4-5,0.5104,COMPLEMENTARITY
5.3-4A,5.4.1-2,0.5083,COMPLEMENTARITY
5.6-9,5.1.2-4,0.5069,COMPLEMENTARITY
5.3-11,5.1.3-1.1,0.5065,COMPLEMENTARITY
5.6-7,5.1.2-6,0.5061,COMPLEMENTARITY
5.3-11,5.4.1-2,0.5053,COMPLEMENTARITY
5.3-10,5.4.1-1,0.5021,COMPLEMENTARITY
5.13-1A,5.2.1-4.1,0.5015,COMPLEMENTARITY
5.3-1,5.4.1-1,0.5001,COMPLEMENTARITY
5.3-4B,5.4.1-1.1,0.5,COMPLEMENTARITY
5.6-9,5.1.4-3,0.4984,NO_RELATION
5.3-6B,5.4.1-1,0.4958,NO_RELATION
5.6-9,5.4.1-1,0.4949,NO_RELATION
5.2-3,5.3.1-3,0.4933,NO_RELATION
5.3-4A,5.4.2-4,0.4915,NO_RELATION
5.6-9,5.2.1-4.2,0.4888,NO_RELATION
5.6-9,5.4.1-1.1,0.4874,NO_RELATION
5.6-9,5.2.4-1,0.4867,NO_RELATION
5.3-5,5.3.1-3,0.4866,NO_RELATION
5.2-1,5.4.1-1,0.4864,NO_RELATION
5.3-13,5.1.1-2.1,0.4856,NO_RELATION
5.3-11,5.1.3-2,0.485,NO_RELATION
5.3-11,5.4.2-4,0.4846,NO_RELATION
5.2-3,5.2.5-1,0.4846,NO_RELATION
5.2-3,5.1.2-5.1,0.4844,NO_RELATION
5.6-9,5.1.4-4,0.4835,NO_RELATION
5.3-5,5.1.1-2.1,0.4832,NO_RELATION
5.6-9,5.2.5-4.1,0.4822,NO_RELATION
5.4-1,5.2.1-4,0.4821,NO_RELATION
5.3-11,5.2.3-2.1,0.4818,NO_RELATION
5.11-1,5.5.1-2,0.4813,NO_RELATION
5.8-1,5.2.1-4.2,0.4812,NO_RELATION
5.13-1A,5.1.2-5,0.4807,NO_RELATION
5.4-1,5.1.2-5,0.4805,NO_RELATION
5.3-1,5.4.1-1.1,0.4805,NO_RELATION
5.11-3,5.5.1-2,0.4803,NO_RELATION
5.3-8,5.4.2-4,0.4801,NO_RELATION
5.6-7,5.2.5-1,0.4798,NO_RELATION
5.0-1,5.2.3-2,0.4797,NO_RELATION
5.3-11,5.1.3-3,0.4796,NO_RELATION
5.13-1A,5.2.1-4,0.4792,NO_RELATION
5.5-7,5.2.1-4,0.4784,NO_RELATION
5.4-4,5.4.1-1,0.4781,NO_RELATION
5.12-3,5.4.2-4,0.4766,NO_RELATION
5.3-1,5.3.1-2.2,0.4757,NO_RELATION
5.3-12,5.4.1-1,0.4742,NO_RELATION
5.13-1B,5.1.4-4,0.473,NO_RELATION
5.13-1A,5.1.2-2,0.4729,NO_RELATION
5.4-4,5.2.5-1,0.4721,NO_RELATION
5.2-3,5.4.1-1,0.4712,NO_RELATION
5.3-11,5.2.4-1.1,0.471,NO_RELATION
5.3-8,5.4.1-2,0.4706,NO_RELATION
5.3-4A,5.2.2-4,0.4701,NO_RELATION
5.3-11,5.2.3-4,0.4693,NO_RELATION
5.2-2,5.4.1-1.1,0.4685,NO_RELATION
5.5-6,5.1.3-1.1,0.4684,NO_RELATION
5.3-1,5.3.1-3,0.468,NO_RELATION
5.9-1,5.2.1-3,0.4674,NO_RELATION
5.6-9,5.2.4-1.2,0.4668,NO_RELATION
5.3-4B,5.1.1-2.1,0.4661,NO_RELATION
5.2-1,5.2.4-1.1,0.4659,NO_RELATION
5.3-10,5.3.1-2.2,0.4656,NO_RELATION
5.2-1,5.2.3-2.1,0.464,NO_RELATION
5.5-8,5.2.3-1,0.4636,NO_RELATION
5.6-9,5.2.5-2,0.4623,NO_RELATION
5.3-12,5.1.1-2.1,0.4622,NO_RELATION
5.2-2,5.4.2-4,0.4616,NO_RELATION
5.3-14,5.4.1-1,0.4615,NO_RELATION
5.3-10,5.1.1-2.1,0.4613,NO_RELATION
5.0-1,5.1.3-1.1,0.4609,NO_RELATION
5.6-7,5.1.4-4,0.4599,NO_RELATION
5.12-3,5.1.4-4,0.4597,NO_RELATION
5.2-3,5.4.2-1,0.4595,NO_RELATION
5.3-3,5.4.1-1,0.4583,NO_RELATION
5.0-1,5.2.3-2.1,0.4581,NO_RELATION
5.2-1,5.1.1-2.1,0.457,NO_RELATION
5.13-1A,5.1.4-4,0.4564,NO_RELATION
5.3-2,5.4.1-1.1,0.4563,NO_RELATION
5.3-9,5.4.1-1,0.4558,NO_RELATION
5.6-7,5.2.1-2,0.4555,NO_RELATION
5.2-1,5.3.1-3,0.4546,NO_RELATION
5.2-3,5.2.3-2.1,0.454,NO_RELATION
5.3-8,5.2.5-1,0.4539,NO_RELATION
5.3-6B,5.3.1-2.2,0.4528,NO_RELATION
5.2-3,5.2.2-6,0.4524,NO_RELATION
5.3-14,5.3.1-3,0.452,NO_RELATION
5.3-13,5.3.1-3,0.4516,NO_RELATION
5.2-2,5.2.5-1,0.4508,NO_RELATION
5.8-2,5.2.1-4.2,0.4505,NO_RELATION
5.2-3,5.2.3-1,0.4499,NO_RELATION
5.3-4A,5.2.1-2,0.449,NO_RELATION
5.13-1B,5.2.1-4.1,0.4485,NO_RELATION
5.3-3,5.3.1-2.2,0.4482,NO_RELATION
5.3-13,5.3.1-2.2,0.448,NO_RELATION
5.2-3,5.2.2-1,0.4478,NO_RELATION
5.2-3,5.1.3-2,0.4465,NO_RELATION
5.13-1B,5.1.2-5,0.4452,NO_RELATION
5.6-2,5.3.1-2.2,0.4439,NO_RELATION
5.6-5,5.2.3-2,0.4438,NO_RELATION
5.3-11,5.2.5-1,0.4432,NO_RELATION
5.6-9,5.1.2-7,0.4415,NO_RELATION
5.6-9,5.2.4-1.1,0.4408,NO_RELATION
5.6-2,5.1.3-2,0.4408,NO_RELATION
5.3-11,5.1.3-1,0.4406,NO_RELATION
5.3-1,5.4.2-4,0.4402,NO_RELATION
5.6-9,5.1.3-4,0.44,NO_RELATION
5.3-4A,5.2.5-1,0.4394,NO_RELATION
5.0-1,5.1.3-1,0.439,NO_RELATION
5.3-7,5.2.2-4,0.4389,NO_RELATION
5.2-3,5.4.2-3,0.4388,NO_RELATION
5.3-2,5.3.1-2.2,0.4388,NO_RELATION
5.3-14,5.2.3-2,0.4387,NO_RELATION
5.7-2,5.4.2-4,0.4383,NO_RELATION
5.3-4A,5.1.4-4,0.4383,NO_RELATION
5.2-1,5.1.3-2,0.4382,NO_RELATION
5.3-11,5.1.4-4,0.4379,NO_RELATION
5.6-7,5.2.2-1,0.4377,NO_RELATION
5.3-9,5.4.2-4,0.4375,NO_RELATION
5.3-5,5.4.2-4,0.4374,NO_RELATION
5.2-2,5.3.1-2.2,0.4369,NO_RELATION
5.5-7,5.2.1-4.2,0.4366,NO_RELATION
5.2-3,5.1.3-3,0.4365,NO_RELATION
5.6-7,5.1.4-1,0.436,NO_RELATION
5.12-3,5.3.1-2.2,0.436,NO_RELATION
5.4-3,5.2.1-4,0.4359,NO_RELATION
5.6-7,5.2.2-3,0.4354,NO_RELATION
5.3-8,5.1.2-5.1,0.4354,NO_RELATION
5.2-3,5.1.4-4,0.4346,NO_RELATION
5.3-9,5.3.1-2.2,0.4344,NO_RELATION
5.3-12,5.3.1-2.2,0.4343,NO_RELATION
5.7-2,5.1.2-5,0.4342,NO_RELATION
5.3-7,5.3.1-2.2,0.4337,NO_RELATION
5.1-3,5.2.1-4,0.4336,NO_RELATION
5.3-4B,5.4.1-2,0.4335,NO_RELATION
5.2-3,5.3.1-2.2,0.4332,NO_RELATION
5.3-13,5.2.4-1,0.4332,NO_RELATION
5.3-11,5.1.1-1,0.4328,NO_RELATION
5.8-2,5.1.2-5,0.4327,NO_RELATION
5.6-8,5.2.1-4,0.4323,NO_RELATION
5.2-2,5.4.2-1,0.4321,NO_RELATION
5.5-8,5.2.5-1,0.432,NO_RELATION
5.2-3,5.1.4-3,0.4319,NO_RELATION
5.7-2,5.1.4-4,0.4317,NO_RELATION
5.3-6B,5.4.1-1.1,0.4317,NO_RELATION
5.2-3,5.1.3-4,0.4316,NO_RELATION
5.5-8,5.2.3-2.1,0.4314,NO_RELATION
5.11-4,5.5.1-2,0.4307,NO_RELATION
5.0-1,5.2.4-1.1,0.4293,NO_RELATION
5.4-4,5.3.1-2.2,0.4292,NO_RELATION
5.13-1B,5.1.2-2,0.4288,NO_RELATION
5.3-5,5.2.5-1,0.4285,NO_RELATION
5.3-7,5.4.1-1,0.4283,NO_RELATION
5.7-2,5.3.1-2.2,0.4282,NO_RELATION
5.3-13,5.2.3-4,0.4276,NO_RELATION
5.12-1,5.3.1-3,0.4273,NO_RELATION
5.13-1A,5.2.5-1,0.4267,NO_RELATION
5.4-4,5.4.1-1.1,0.4267,NO_RELATION
5.6-5,5.1.2-6,0.4266,NO_RELATION
5.2-3,5.2.2-4,0.4266,NO_RELATION
5.3-4B,5.2.2-4,0.4264,NO_RELATION
5.9-2,5.2.1-3.1,0.4262,NO_RELATION
5.3-4A,5.2.2-1,0.4262,NO_RELATION
5.3-4A,5.2.3-1,0.4254,NO_RELATION
5.6-9,5.1.3-1.1,0.4254,NO_RELATION
5.6-9,5.1.1-2.2,0.4254,NO_RELATION
5.6-8,5.1.2-5,0.4252,NO_RELATION
5.11-1,5.2.1-4,0.4251,NO_RELATION
5.3-11,5.2.1-4.1,0.425,NO_RELATION
5.8-3,5.2.2-4,0.4246,NO_RELATION
5.3-2,5.4.1-1,0.4238,NO_RELATION
5.3-4B,5.2.1-2,0.4234,NO_RELATION
5.7-2,5.1.3-2,0.4234,NO_RELATION
5.5-8,5.1.4-4,0.4233,NO_RELATION
5.12-2,5.2.2-6,0.423,NO_RELATION
5.3-1,5.2.4-1.2,0.4227,NO_RELATION
5.5-8,5.4.2-4,0.4224,NO_RELATION
5.4-4,5.4.2-4,0.4221,NO_RELATION
5.12-3,5.2.2-1,0.4218,NO_RELATION
5.5-1,5.2.1-4,0.4218,NO_RELATION
5.3-2,5.2.1-4.2,0.4215,NO_RELATION
5.2-1,5.3.1-2.2,0.4214,NO_RELATION
5.12-2,5.2.2-4,0.421,NO_RELATION
5.12-1,5.4.2-4,0.4208,NO_RELATION
5.2-1,5.2.4-1,0.4204,NO_RELATION
5.3-2,5.1.2-5,0.4203,NO_RELATION
5.5-6,5.2.1-4.2,0.4201,NO_RELATION
5.3-9,5.3.1-3,0.4198,NO_RELATION
5.4-4,5.3.1-3,0.4198,NO_RELATION
5.2-3,5.2.1-1,0.4197,NO_RELATION
5.3-8,5.1.3-1.1,0.4195,NO_RELATION
5.2-3,5.2.4-1,0.4195,NO_RELATION
5.3-8,5.1.3-2,0.4189,NO_RELATION
5.3-6A,5.4.1-1,0.4186,NO_RELATION
5.2-1,5.4.1-1.1,0.4185,NO_RELATION
5.3-4A,5.2.1-4.1,0.4184,NO_RELATION
5.7-2,5.3.1-3,0.4183,NO_RELATION
5.6-9,5.2.1-1,0.4162,NO_RELATION
5.5-6,5.1.1-1.1,0.4161,NO_RELATION
5.5-6,5.1.3-3,0.4159,NO_RELATION
5.2-3,5.2.5-2,0.4157,NO_RELATION
5.6-7,5.1.4-3,0.4154,NO_RELATION
5.3-14,5.2.2-4,0.4149,NO_RELATION
5.3-6B,5.3.1-3,0.4149,NO_RELATION
5.2-3,5.1.2-4,0.4148,NO_RELATION
5.12-3,5.2.5-1,0.4147,NO_RELATION
5.12-2,5.2.3-1,0.4145,NO_RELATION
5.1-3,5.1.2-5,0.4144,NO_RELATION
5.3-4B,5.2.5-1,0.4141,NO_RELATION
5.2-1,5.2.1-4.2,0.4137,NO_RELATION
5.6-4B,5.2.5-1,0.4134,NO_RELATION
5.3-4A,5.1.2-5.1,0.4134,NO_RELATION
5.4-4,5.2.2-4,0.4134,NO_RELATION
5.3-5,5.1.4-4,0.4131,NO_RELATION
5.6-4B,5.2.1-4,0.413,NO_RELATION
5.3-5,5.4.1-2,0.4122,NO_RELATION
5.11-4,5.1.4-4,0.4122,NO_RELATION
5.3-1,5.2.3-2,0.4121,NO_RELATION
5.12-1,5.3.1-2.2,0.4121,NO_RELATION
5.12-2,5.2.1-4.2,0.4117,NO_RELATION
5.6-9,5.1.3-1,0.4117,NO_RELATION
5.13-1B,5.2.5-1,0.4114,NO_RELATION
5.6-4A,5.2.2-2,0.4109,NO_RELATION
5.3-3,5.1.1-2.1,0.4108,NO_RELATION
5.6-7,5.4.1-1.1,0.4107,NO_RELATION
5.4-4,5.2.4-1.2,0.4107,NO_RELATION
5.13-1B,5.2.2-1,0.4107,NO_RELATION
5.2-3,5.1.2-1,0.4105,NO_RELATION
5.2-3,5.2.1-2,0.4096,NO_RELATION
5.3-6A,5.3.1-2.2,0.4095,NO_RELATION
5.3-9,5.2.5-1,0.4094,NO_RELATION
5.6-2,5.2.1-4,0.4093,NO_RELATION
5.6-2,5.2.2-4,0.4093,NO_RELATION
5.8-1,5.1.2-5,0.4089,NO_RELATION
5.5-8,5.1.3-2,0.4088,NO_RELATION
5.4-4,5.2.2-1,0.4087,NO_RELATION
5.6-7,5.3.1-2.2,0.4086,NO_RELATION
5.1-3,5.2.2-1,0.4085,NO_RELATION
5.4-3,5.2.2-1,0.4083,NO_RELATION
5.3-11,5.1.3-4,0.4078,NO_RELATION
5.6-7,5.3.1-2,0.4078,NO_RELATION
5.13-1A,5.4.2-1,0.4076,NO_RELATION
5.7-2,5.1.3-3,0.4075,NO_RELATION
5.5-1,5.2.2-4,0.4073,NO_RELATION
5.3-4B,5.1.3-4,0.4072,NO_RELATION
5.3-1,5.2.2-4,0.4072,NO_RELATION
5.6-9,5.2.1-4.1,0.4071,NO_RELATION
5.2-3,5.1.2-7,0.4064,NO_RELATION
5.3-4A,5.2.5-4.1,0.406,NO_RELATION
5.2-1,5.1.3-1.1,0.4059,NO_RELATION
5.5-8,5.2.2-1,0.4055,NO_RELATION
5.3-8,5.1.3-1,0.4054,NO_RELATION
5.3-11,5.1.2-5,0.405,NO_RELATION
5.3-5,5.4.1-1.1,0.4047,NO_RELATION
5.3-16,5.2.3-2,0.4046,NO_RELATION
5.5-6,5.2.1-4,0.4045,NO_RELATION
5.2-3,5.1.1-2,0.4045,NO_RELATION
5.13-1A,5.1.2-3,0.4037,NO_RELATION
5.11-2,5.5.1-2,0.403,NO_RELATION
5.4-3,5.5.1-2,0.4029,NO_RELATION
5.8-3,5.3.1-3,0.4029,NO_RELATION
5.6-5,5.3.1-2,0.4029,NO_RELATION
5.5-8,5.1.1-1.1,0.4027,NO_RELATION
5.2-3,5.2.4-1.1,0.4027,NO_RELATION
5.3-4A,5.1.3-1.1,0.4024,NO_RELATION
5.2-1,5.1.4-4,0.4023,NO_RELATION
5.7-2,5.1.2-6,0.4018,NO_RELATION
5.7-2,5.1.4-5,0.4016,NO_RELATION
5.10-1,5.2.1-4,0.4014,NO_RELATION
5.3-14,5.2.3-3,0.4014,NO_RELATION
5.13-1A,5.3.1-1,0.401,NO_RELATION
5.3-6B,5.1.1-2.1,0.4008,NO_RELATION
5.3-14,5.3.1-2.2,0.4008,NO_RELATION
5.12-2,5.4.1-1,0.4007,NO_RELATION
5.2-2,5.2.5-2,0.4006,NO_RELATION
5.2-3,5.1.4-5,0.4002,NO_RELATION
5.3-11,5.1.3-1.3,0.3999,NO_RELATION
5.8-3,5.4.2-1,0.3998,NO_RELATION
5.6-7,5.2.2-4,0.3993,NO_RELATION
5.3-11,5.2.1-4.2,0.3989,NO_RELATION
5.12-2,5.3.1-2.2,0.3988,NO_RELATION
5.1-3,5.4.2-1,0.3987,NO_RELATION
5.6-7,5.2.1-4,0.3986,NO_RELATION
5.3-1,5.2.1-4.2,0.3984,NO_RELATION
5.3-11,5.2.4-3,0.3981,NO_RELATION
5.6-9,5.4.2-1,0.3981,NO_RELATION
5.6-7,5.2.5-2.1,0.398,NO_RELATION
5.7-2,5.2.1-2,0.3979,NO_RELATION
5.4-2,5.2.1-2,0.3976,NO_RELATION
5.3-7,5.1.1-2.1,0.3975,NO_RELATION
5.2-1,5.1.2-5.1,0.3974,NO_RELATION
5.6-9,5.1.2-6,0.3974,NO_RELATION
5.4-4,5.1.4-4,0.3974,NO_RELATION
5.3-1,5.2.5-1,0.3971,NO_RELATION
5.3-11,5.1.3-1.2,0.397,NO_RELATION
5.10-1,5.4.2-4,0.3966,NO_RELATION
5.0-1,5.1.2-7,0.3964,NO_RELATION
5.2-2,5.2.3-2.1,0.3964,NO_RELATION
5.6-5,5.1.4-5,0.3964,NO_RELATION
5.12-2,5.1.4-4,0.3963,NO_RELATION
5.13-1A,5.2.3-2.1,0.3962,NO_RELATION
5.12-2,5.2.2-1,0.3961,NO_RELATION
5.4-1,5.2.1-4.2,0.396,NO_RELATION
5.3-14,5.4.2-4,0.396,NO_RELATION
5.11-4,5.3.1-3,0.396,NO_RELATION
5.2-2,5.1.3-1.1,0.3959,NO_RELATION
5.6-7,5.1.2-5,0.3959,NO_RELATION
5.3-8,5.4.2-1,0.3958,NO_RELATION
5.6-9,5.1.4-1,0.3957,NO_RELATION
5.6-9,5.2.2-2,0.3957,NO_RELATION
5.2-2,5.2.4-1,0.3957,NO_RELATION
5.3-10,5.3.1-3,0.3955,NO_RELATION
5.6-9,5.3.1-1,0.3955,NO_RELATION
5.3-8,5.1.1-2,0.3954,NO_RELATION
5.3-3,5.2.3-4,0.3953,NO_RELATION
5.3-1,5.2.1-2,0.3953,NO_RELATION
5.8-3,5.2.1-4,0.3953,NO_RELATION
5.3-12,5.3.1-3,0.3951,NO_RELATION
5.6-7,5.4.1-1,0.3951,NO_RELATION
5.5-8,5.3.1-3,0.395,NO_RELATION
5.2-2,5.1.2-5.1,0.395,NO_RELATION
5.3-4A,5.2.1-4.2,0.3949,NO_RELATION
5.6-7,5.2.3-2.1,0.3949,NO_RELATION
5.6-8,5.2.2-1,0.3948,NO_RELATION
5.4-4,5.1.3-1.1,0.3947,NO_RELATION
5.1-4,5.1.2-5,0.3945,NO_RELATION
5.4-1,5.1.4-4,0.3944,NO_RELATION
5.0-1,5.1.3-2,0.3944,NO_RELATION
5.6-8,5.2.2-2,0.3943,NO_RELATION
5.0-1,5.2.1-4.1,0.3941,NO_RELATION
5.2-2,5.4.1-2,0.3939,NO_RELATION
5.13-1B,5.3.1-2.2,0.3939,NO_RELATION
5.3-11,5.2.5-4.1,0.3939,NO_RELATION
5.7-2,5.2.1-4,0.3937,NO_RELATION
5.5-8,5.1.2-1,0.3936,NO_RELATION
5.4-4,5.1.3-2,0.3934,NO_RELATION
5.3-4A,5.2.3-4,0.3934,NO_RELATION
5.7-2,5.2.2-6,0.3933,NO_RELATION
5.3-7,5.2.4-1.2,0.3931,NO_RELATION
5.8-3,5.1.4-5,0.3931,NO_RELATION
5.0-1,5.3.1-2.1,0.3931,NO_RELATION
5.3-13,5.2.4-1.1,0.3925,NO_RELATION
5.12-2,5.1.2-5,0.3925,NO_RELATION
5.6-7,5.1.2-4,0.3925,NO_RELATION
5.3-11,5.4.2-3,0.3925,NO_RELATION
5.8-1,5.2.2-4,0.3924,NO_RELATION
5.12-2,5.3.1-3,0.3921,NO_RELATION
5.11-4,5.3.1-2.2,0.3921,NO_RELATION
5.3-1,5.1.1-2.1,0.3919,NO_RELATION
5.6-5,5.2.2-6,0.3918,NO_RELATION
5.6-9,5.1.3-3,0.3917,NO_RELATION
5.8-3,5.1.3-2,0.3917,NO_RELATION
5.3-6A,5.1.1-2.1,0.3915,NO_RELATION
5.0-1,5.4.2-4,0.3913,NO_RELATION
5.5-1,5.1.1-2,0.3913,NO_RELATION
5.3-2,5.3.1-3,0.3912,NO_RELATION
5.3-13,5.2.5-2,0.3911,NO_RELATION
5.5-1,5.1.3-1.1,0.3911,NO_RELATION
5.4-4,5.1.3-1,0.3909,NO_RELATION
5.7-2,5.4.2-1,0.3908,NO_RELATION
5.3-11,5.1.1-1.1,0.3908,NO_RELATION
5.6-7,5.2.3-1,0.3907,NO_RELATION
5.7-2,5.1.2-7,0.3906,NO_RELATION
5.4-4,5.2.1-2,0.3903,NO_RELATION
5.4-3,5.1.4-4,0.3901,NO_RELATION
5.4-2,5.1.4-4,0.3901,NO_RELATION
5.6-9,5.1.3-2,0.39,NO_RELATION
5.3-4B,5.1.4-4,0.3899,NO_RELATION
5.6-9,5.2.4-3,0.3898,NO_RELATION
5.3-4B,5.4.2-1,0.3897,NO_RELATION
5.8-3,5.1.2-5,0.3897,NO_RELATION
5.3-4B,5.1.3-1.1,0.3894,NO_RELATION
5.6-4A,5.1.4-5,0.3894,NO_RELATION
5.6-4A,5.1.4-4,0.3893,NO_RELATION
5.6-9,5.4.1-2,0.389,NO_RELATION
5.8-3,5.4.1-1.1,0.3886,NO_RELATION
5.3-5,5.2.2-4,0.3886,NO_RELATION
5.3-4B,5.1.1-2,0.3885,NO_RELATION
5.6-4A,5.2.1-4,0.3885,NO_RELATION
5.3-2,5.2.1-4,0.3885,NO_RELATION
5.5-2,5.2.2-1,0.3884,NO_RELATION
5.1-3,5.1.4-4,0.3883,NO_RELATION
5.6-8,5.1.4-4,0.3881,NO_RELATION
5.12-2,5.1.3-2,0.3878,NO_RELATION
5.12-3,5.4.1-1,0.3877,NO_RELATION
5.6-9,5.2.1-4,0.3875,NO_RELATION
5.4-3,5.2.2-4,0.3873,NO_RELATION
5.5-6,5.1.3-2,0.3873,NO_RELATION
5.3-13,5.2.1-1,0.3872,NO_RELATION
5.6-9,5.1.3-1.3,0.3871,NO_RELATION
5.5-3,5.2.4-1.2,0.387,NO_RELATION
5.12-2,5.1.1-2,0.3869,NO_RELATION
5.4-4,5.4.2-1,0.3868,NO_RELATION
5.3-2,5.2.2-4,0.3867,NO_RELATION
5.2-1,5.2.5-1,0.3867,NO_RELATION
5.2-2,5.1.3-2,0.3866,NO_RELATION
5.13-1A,5.1.3-2,0.3866,NO_RELATION
5.3-1,5.2.3-1,0.3865,NO_RELATION
5.5-1,5.2.2-1,0.3865,NO_RELATION
5.3-1,5.1.4-4,0.3863,NO_RELATION
5.6-9,5.3.1-2.2,0.3862,NO_RELATION
5.4-4,5.2.3-2.1,0.3862,NO_RELATION
5.12-2,5.1.4-5,0.3858,NO_RELATION
5.3-9,5.1.1-2.1,0.3856,NO_RELATION
5.3-4B,5.1.4-5,0.3855,NO_RELATION
5.3-7,5.2.1-4,0.3854,NO_RELATION
5.13-1A,5.3.1-2.2,0.3853,NO_RELATION
5.3-11,5.1.2-7,0.3853,NO_RELATION
5.3-2,5.4.2-4,0.3851,NO_RELATION
5.3-11,5.4.2-1,0.385,NO_RELATION
5.3-4A,5.1.1-2,0.3849,NO_RELATION
5.3-4B,5.1.2-5,0.3848,NO_RELATION
5.3-13,5.2.2-6,0.3848,NO_RELATION
5.3-4B,5.2.3-2.1,0.3848,NO_RELATION
5.12-3,5.3.1-3,0.3848,NO_RELATION
5.6-5,5.1.2-7,0.3846,NO_RELATION
5.3-7,5.3.1-3,0.3846,NO_RELATION
5.12-2,5.1.3-1.1,0.3844,NO_RELATION
5.3-11,5.1.4-3,0.3839,NO_RELATION
5.11-3,5.2.1-4,0.3838,NO_RELATION
5.8-3,5.2.3-2.1,0.3837,NO_RELATION
5.6-9,5.1.3-1.2,0.3836,NO_RELATION
5.13-1A,5.4.2-4,0.3834,NO_RELATION
5.13-1A,5.2.2-1,0.3833,NO_RELATION
5.5-8,5.2.2-4,0.3831,NO_RELATION
5.7-2,5.1.3-4,0.3829,NO_RELATION
5.5-2,5.2.5-1,0.3829,NO_RELATION
5.3-4B,5.2.5-4.1,0.3828,NO_RELATION
5.12-2,5.2.1-2,0.3828,NO_RELATION
5.3-11,5.1.2-4,0.3826,NO_RELATION
5.12-2,5.2.3-2.1,0.3826,NO_RELATION
5.12-2,5.2.1-4,0.3826,NO_RELATION
5.9-1,5.4.1-1.1,0.3823,NO_RELATION
5.6-9,5.2.3-2,0.3822,NO_RELATION
5.6-8,5.2.1-2,0.3821,NO_RELATION
5.6-2,5.2.1-4.2,0.3821,NO_RELATION
5.4-4,5.2.1-4.2,0.382,NO_RELATION
5.6-8,5.2.3-2.1,0.382,NO_RELATION
5.6-4B,5.2.3-2.1,0.3819,NO_RELATION
5.2-2,5.1.4-3,0.3819,NO_RELATION
5.5-6,5.1.2-5,0.3817,NO_RELATION
5.12-2,5.1.4-3,0.3816,NO_RELATION
5.7-2,5.4.2-3,0.3814,NO_RELATION
5.6-7,5.4.2-3,0.3814,NO_RELATION
5.2-3,5.3.1-1,0.3813,NO_RELATION
5.8-3,5.1.2-6,0.3813,NO_RELATION
5.3-13,5.4.1-1.1,0.3812,NO_RELATION
5.5-8,5.1.3-3,0.381,NO_RELATION
5.12-2,5.4.2-4,0.3809,NO_RELATION
5.6-9,5.2.2-3,0.3808,NO_RELATION
5.12-1,5.1.4-3,0.3808,NO_RELATION
5.12-1,5.1.3-4,0.3797,NO_RELATION
5.6-2,5.1.4-5,0.3797,NO_RELATION
5.2-1,5.1.3-1.3,0.3796,NO_RELATION
5.4-4,5.1.1-2,0.3796,NO_RELATION
5.5-8,5.1.2-4,0.3795,NO_RELATION
5.8-3,5.1.2-7,0.3795,NO_RELATION
5.5-8,5.4.2-1,0.3794,NO_RELATION
5.3-2,5.2.1-4.1,0.3793,NO_RELATION
5.3-9,5.2.1-4.1,0.3793,NO_RELATION
5.1-2,5.2.4-1.2,0.379,NO_RELATION
5.5-1,5.1.2-5,0.379,NO_RELATION
5.0-1,5.1.3-3,0.379,NO_RELATION
5.2-3,5.1.2-5,0.3789,NO_RELATION
5.4-3,5.2.4-1.2,0.3788,NO_RELATION
5.10-1,5.1.2-5,0.3787,NO_RELATION
5.5-8,5.4.1-1,0.3785,NO_RELATION
5.2-1,5.1.1-2,0.3785,NO_RELATION
5.4-2,5.2.1-4,0.3778,NO_RELATION
5.6-9,5.2.5-3,0.3778,NO_RELATION
5.6-9,5.3.1-2,0.3776,NO_RELATION
5.8-1,5.2.2-6,0.3774,NO_RELATION
5.3-4B,5.1.3-2,0.3774,NO_RELATION
5.7-2,5.4.1-1.1,0.3773,NO_RELATION
5.6-7,5.4.2-1,0.377,NO_RELATION
5.1-3,5.2.4-1.2,0.377,NO_RELATION
5.3-1,5.2.2-6,0.377,NO_RELATION
5.5-8,5.2.1-2,0.3769,NO_RELATION
5.3-10,5.2.5-1,0.3768,NO_RELATION
5.10-1,5.4.2-2,0.3767,NO_RELATION
5.3-1,5.1.4-5,0.3767,NO_RELATION
5.6-8,5.1.4-3,0.3767,NO_RELATION
5.1-2,5.2.1-4,0.3766,NO_RELATION
5.8-3,5.1.3-4,0.3766,NO_RELATION
5.6-4B,5.1.4-4,0.3766,NO_RELATION
5.1-3,5.2.1-2,0.3765,NO_RELATION
5.10-1,5.1.2-5.1,0.3764,NO_RELATION
5.3-4B,5.2.2-6,0.3762,NO_RELATION
5.13-1B,5.2.1-4.2,0.3762,NO_RELATION
5.0-1,5.1.3-1.3,0.3762,NO_RELATION
5.10-1,5.1.3-2,0.3762,NO_RELATION
5.11-1,5.1.2-5,0.3761,NO_RELATION
5.3-1,5.4.1-2,0.3761,NO_RELATION
5.3-8,5.2.3-4,0.3759,NO_RELATION
5.8-2,5.2.2-4,0.3755,NO_RELATION
5.3-3,5.3.1-3,0.3755,NO_RELATION
5.4-2,5.2.4-1.2,0.3755,NO_RELATION
5.8-3,5.1.3-3,0.3752,NO_RELATION
5.0-1,5.1.2-1,0.375,NO_RELATION
5.5-3,5.2.1-3.1,0.3748,NO_RELATION
5.2-2,5.1.1-2.1,0.3747,NO_RELATION
5.3-14,5.2.3-4,0.3746,NO_RELATION
5.2-1,5.2.2-6,0.3745,NO_RELATION
5.3-13,5.3.1-1,0.3741,NO_RELATION
5.1-5,5.2.2-2,0.3741,NO_RELATION
5.8-3,5.3.1-2.1,0.3739,NO_RELATION
5.6-4A,5.2.5-1,0.3739,NO_RELATION
5.3-11,5.2.4-1,0.3738,NO_RELATION
5.12-3,5.2.2-6,0.3738,NO_RELATION
5.13-1A,5.1.2-6,0.3738,NO_RELATION
5.5-8,5.1.3-1.3,0.3738,NO_RELATION
5.2-2,5.1.3-1,0.3737,NO_RELATION
5.13-1A,5.2.5-2,0.3736,NO_RELATION
5.2-3,5.4.2-2,0.3735,NO_RELATION
5.3-10,5.4.2-4,0.3732,NO_RELATION
5.3-6A,5.3.1-3,0.3729,NO_RELATION
5.5-8,5.2.2-6,0.3729,NO_RELATION
5.10-1,5.3.1-2.2,0.3728,NO_RELATION
5.2-1,5.2.4-2.1,0.3727,NO_RELATION
5.3-7,5.1.2-5,0.3727,NO_RELATION
5.3-4B,5.2.1-3,0.3722,NO_RELATION
5.3-8,5.2.3-2.1,0.3721,NO_RELATION
5.4-2,5.1.4-5,0.372,NO_RELATION
5.4-3,5.2.1-4.2,0.372,NO_RELATION
5.6-9,5.1.2-1,0.3719,NO_RELATION
5.2-1,5.2.4-1.2,0.3719,NO_RELATION
5.5-8,5.2.1-4.2,0.3718,NO_RELATION
5.3-4B,5.2.3-1,0.3717,NO_RELATION
5.6-4A,5.4.1-1.1,0.3715,NO_RELATION
5.6-2,5.1.3-3,0.3712,NO_RELATION
5.6-9,5.2.3-3,0.3712,NO_RELATION
5.13-1A,5.3.1-2.1,0.3711,NO_RELATION
5.2-1,5.1.3-3,0.3711,NO_RELATION
5.3-12,5.4.2-4,0.371,NO_RELATION
5.10-1,5.4.2-1,0.3707,NO_RELATION
5.7-2,5.4.1-1,0.3707,NO_RELATION
5.5-1,5.1.1-2.2,0.3705,NO_RELATION
5.3-14,5.3.1-1,0.3704,NO_RELATION
5.3-9,5.2.4-1.2,0.3704,NO_RELATION
5.11-3,5.1.2-5,0.3704,NO_RELATION
5.3-14,5.2.4-1,0.3702,NO_RELATION
5.3-8,5.1.3-3,0.3701,NO_RELATION
5.4-2,5.1.2-5,0.3698,NO_RELATION
5.2-3,5.3.1-2.1,0.3698,NO_RELATION
5.6-7,5.2.4-1.1,0.3696,NO_RELATION
5.9-1,5.1.3-2,0.3694,NO_RELATION
5.1-3,5.1.1-1.1,0.3693,NO_RELATION
5.3-4B,5.2.5-2,0.3692,NO_RELATION
5.7-1,5.2.5-1,0.3692,NO_RELATION
5.5-1,5.1.1-1.1,0.3691,NO_RELATION
5.6-7,5.1.4-5,0.3691,NO_RELATION
5.3-8,5.1.3-4,0.3691,NO_RELATION
5.7-2,5.1.2-5.1,0.3691,NO_RELATION
5.2-2,5.2.3-1,0.3689,NO_RELATION
5.3-10,5.2.1-4.1,0.3689,NO_RELATION
5.3-13,5.2.5-1,0.3688,NO_RELATION
5.2-3,5.2.5-4.1,0.3686,NO_RELATION
5.3-10,5.2.4-1.2,0.3685,NO_RELATION
5.8-3,5.4.2-4,0.3683,NO_RELATION
5.3-15A,5.2.3-2,0.3683,NO_RELATION
5.3-1,5.2.1-4,0.3682,NO_RELATION
5.13-1A,5.4.2-2,0.368,NO_RELATION
5.3-4B,5.2.2-1,0.3679,NO_RELATION
5.2-3,5.2.4-1.2,0.3678,NO_RELATION
5.3-14,5.1.1-2.1,0.3678,NO_RELATION
5.6-9,5.1.2-5.1,0.3678,NO_RELATION
5.6-2,5.1.2-6,0.3677,NO_RELATION
5.6-2,5.4.1-1,0.3677,NO_RELATION
5.2-3,5.1.1-2.1,0.3677,NO_RELATION
5.3-12,5.2.3-4,0.3676,NO_RELATION
5.3-10,5.2.2-4,0.3675,NO_RELATION
5.6-9,5.5.1-2,0.3675,NO_RELATION
5.3-6A,5.2.3-4,0.3673,NO_RELATION
5.1-3,5.3.1-2.2,0.3671,NO_RELATION
5.2-2,5.2.1-2,0.3669,NO_RELATION
5.4-4,5.1.3-3,0.3669,NO_RELATION
5.5-1,5.3.1-2.2,0.3669,NO_RELATION
5.8-3,5.1.1-2,0.3668,NO_RELATION
5.6-2,5.1.4-4,0.3667,NO_RELATION
5.5-8,5.3.1-2.1,0.3665,NO_RELATION
5.4-4,5.1.4-5,0.3665,NO_RELATION
5.7-1,5.2.4-1.2,0.3664,NO_RELATION
5.6-7,5.3.1-1,0.3662,NO_RELATION
5.3-6B,5.2.3-4,0.3662,NO_RELATION
5.10-1,5.1.3-3,0.3661,NO_RELATION
5.13-1B,5.4.2-1,0.366,NO_RELATION
5.7-2,5.2.3-2.1,0.366,NO_RELATION
5.2-3,5.4.1-1.1,0.3659,NO_RELATION
5.0-1,5.2.3-4,0.3658,NO_RELATION
5.12-1,5.2.5-1,0.3658,NO_RELATION
5.10-1,5.1.4-4,0.3657,NO_RELATION
5.4-2,5.2.2-4,0.3655,NO_RELATION
5.3-4B,5.2.1-3.1,0.3654,NO_RELATION
5.6-7,5.1.3-1.2,0.3652,NO_RELATION
5.13-1B,5.1.2-6,0.3649,NO_RELATION
5.2-3,5.1.3-1.3,0.3648,NO_RELATION
5.2-3,5.1.3-1,0.3648,NO_RELATION
5.3-4B,5.2.3-4,0.3648,NO_RELATION
5.0-1,5.1.2-5,0.3647,NO_RELATION
5.5-8,5.4.1-1.1,0.3645,NO_RELATION
5.6-4A,5.1.2-6,0.3644,NO_RELATION
5.2-1,5.1.2-7,0.3644,NO_RELATION
5.6-8,5.1.4-5,0.3643,NO_RELATION
5.7-2,5.2.4-3,0.3643,NO_RELATION
5.3-13,5.4.2-4,0.3642,NO_RELATION
5.3-1,5.2.1-4.1,0.3642,NO_RELATION
5.7-2,5.1.1-2,0.364,NO_RELATION
5.3-11,5.2.2-1,0.3639,NO_RELATION
5.4-4,5.1.2-2,0.3637,NO_RELATION
5.4-1,5.2.2-4,0.3637,NO_RELATION
5.3-6A,5.4.1-1.1,0.3636,NO_RELATION
5.3-8,5.2.2-1,0.3636,NO_RELATION
5.3-10,5.1.2-5,0.3634,NO_RELATION
5.6-5,5.3.1-1,0.3634,NO_RELATION
5.2-3,5.1.3-1.1,0.3634,NO_RELATION
5.4-1,5.2.1-1,0.3634,NO_RELATION
5.6-1,5.2.2-2,0.3632,NO_RELATION
5.3-4A,5.1.1-2.2,0.3631,NO_RELATION
5.3-14,5.5.1-2,0.3631,NO_RELATION
5.3-2,5.1.1-2.1,0.3631,NO_RELATION
5.6-2,5.1.3-1,0.363,NO_RELATION
5.2-3,5.2.1-4.1,0.3629,NO_RELATION
5.5-7,5.2.2-1,0.3628,NO_RELATION
5.1-2,5.1.4-4,0.3628,NO_RELATION
5.13-1B,5.1.3-2,0.3628,NO_RELATION
5.2-1,5.2.1-4,0.3626,NO_RELATION
5.5-1,5.1.3-3,0.3626,NO_RELATION
5.3-9,5.1.4-4,0.3625,NO_RELATION
5.3-8,5.2.4-1.1,0.3625,NO_RELATION
5.3-4B,5.1.4-3,0.3624,NO_RELATION
5.6-1,5.1.4-5,0.3622,NO_RELATION
5.5-1,5.2.1-4.2,0.3621,NO_RELATION
5.3-8,5.2.3-1,0.362,NO_RELATION
5.3-13,5.2.3-1,0.362,NO_RELATION
5.6-2,5.4.2-4,0.3619,NO_RELATION
5.12-3,5.2.1-4.2,0.3618,NO_RELATION
5.6-5,5.3.1-2.1,0.3617,NO_RELATION
5.2-2,5.2.2-5,0.3616,NO_RELATION
5.3-10,5.1.4-4,0.3615,NO_RELATION
5.3-14,5.2.5-2,0.3612,NO_RELATION
5.4-4,5.2.3-1,0.3612,NO_RELATION
5.12-1,5.3.1-2.1,0.361,NO_RELATION
5.6-8,5.2.1-4.2,0.361,NO_RELATION
5.12-3,5.1.2-5,0.361,NO_RELATION
5.4-4,5.2.1-4,0.3608,NO_RELATION
5.3-8,5.1.1-1,0.3608,NO_RELATION
5.2-1,5.2.4-3,0.3607,NO_RELATION
5.6-7,5.1.2-5.1,0.3607,NO_RELATION
5.13-1A,5.1.2-1.1,0.3606,NO_RELATION
5.2-3,5.2.4-3,0.3606,NO_RELATION
5.5-6,5.2.2-4,0.3604,NO_RELATION
5.4-1,5.2.1-2,0.3603,NO_RELATION
5.5-8,5.1.4-3,0.36,NO_RELATION
5.13-1A,5.2.4-1.1,0.36,NO_RELATION
5.5-8,5.1.2-5,0.3599,NO_RELATION
5.3-4A,5.2.4-1.2,0.3598,NO_RELATION
5.13-1B,5.3.1-1,0.3594,NO_RELATION
5.3-4B,5.4.2-3,0.3593,NO_RELATION
5.6-7,5.2.1-4.2,0.3592,NO_RELATION
5.5-1,5.1.4-4,0.3592,NO_RELATION
5.5-2,5.4.1-1,0.3592,NO_RELATION
5.7-1,5.2.1-2,0.3591,NO_RELATION
5.5-7,5.1.2-5,0.359,NO_RELATION
5.11-4,5.2.4-1,0.359,NO_RELATION
5.2-1,5.2.4-2,0.3589,NO_RELATION
5.12-2,5.4.1-1.1,0.3589,NO_RELATION
5.3-4B,5.1.2-5.1,0.3588,NO_RELATION
5.5-8,5.3.1-2.2,0.3587,NO_RELATION
5.12-1,5.2.2-4,0.3586,NO_RELATION
5.0-1,5.1.2-5.1,0.3586,NO_RELATION
5.12-2,5.2.5-1,0.3585,NO_RELATION
5.8-1,5.5.1-1,0.3584,NO_RELATION
5.6-7,5.2.5-2,0.3584,NO_RELATION
5.1-4,5.4.2-1,0.3583,NO_RELATION
5.11-4,5.2.2-4,0.3583,NO_RELATION
5.3-13,5.2.3-2,0.3582,NO_RELATION
5.5-1,5.1.3-2,0.3582,NO_RELATION
5.3-8,5.4.2-3,0.3582,NO_RELATION
5.8-1,5.1.3-3,0.358,NO_RELATION
5.5-8,5.1.1-2,0.3578,NO_RELATION
5.1-1,5.2.1-4,0.3577,NO_RELATION
5.9-1,5.2.2-5,0.3576,NO_RELATION
5.1-2,5.2.2-1,0.3575,NO_RELATION
5.6-4B,5.2.1-4.2,0.3573,NO_RELATION
5.5-8,5.1.2-7,0.3572,NO_RELATION
5.12-1,5.4.1-1,0.3572,NO_RELATION
5.5-8,5.1.2-5.1,0.3571,NO_RELATION
5.2-3,5.2.3-2,0.3571,NO_RELATION
5.4-1,5.4.2-4,0.357,NO_RELATION
5.12-2,5.1.1-1.1,0.3569,NO_RELATION
5.5-6,5.2.4-1.1,0.3568,NO_RELATION
5.13-1B,5.2.2-2,0.3567,NO_RELATION
5.3-2,5.1.4-5,0.3567,NO_RELATION
5.3-11,5.1.2-6,0.3566,NO_RELATION
5.2-1,5.4.2-1,0.3565,NO_RELATION
5.4-2,5.2.2-1,0.3565,NO_RELATION
5.5-8,5.1.3-1,0.3565,NO_RELATION
5.3-4A,5.1.2-5,0.3565,NO_RELATION
5.2-2,5.1.3-4,0.3564,NO_RELATION
5.3-2,5.2.2-6,0.3563,NO_RELATION
5.7-2,5.3.1-1,0.3562,NO_RELATION
5.3-4B,5.2.4-1,0.3562,NO_RELATION
5.3-8,5.2.1-2,0.3562,NO_RELATION
5.2-2,5.2.1-3,0.3562,NO_RELATION
5.4-2,5.4.1-1,0.3558,NO_RELATION
5.12-3,5.2.2-4,0.3558,NO_RELATION
5.0-1,5.2.2-4,0.3557,NO_RELATION
5.6-4B,5.2.2-4,0.3556,NO_RELATION
5.3-6B,5.2.2-4,0.3554,NO_RELATION
5.0-1,5.1.1-2,0.3552,NO_RELATION
5.3-13,5.2.3-3,0.355,NO_RELATION
5.5-6,5.2.5-1,0.3547,NO_RELATION
5.2-1,5.4.2-4,0.3547,NO_RELATION
5.3-10,5.2.1-2,0.3546,NO_RELATION
5.3-13,5.2.4-1.2,0.3544,NO_RELATION
5.3-3,5.2.2-4,0.3544,NO_RELATION
5.6-9,5.1.1-2,0.3544,NO_RELATION
5.11-3,5.1.4-4,0.3543,NO_RELATION
5.3-4A,5.1.3-1,0.3543,NO_RELATION
5.13-1A,5.2.2-4,0.3541,NO_RELATION
5.3-5,5.1.1-2,0.3541,NO_RELATION
5.3-8,5.1.4-3,0.354,NO_RELATION
5.6-7,5.1.3-4,0.354,NO_RELATION
5.11-3,5.2.2-4,0.3539,NO_RELATION
5.3-11,5.1.2-2,0.3539,NO_RELATION
5.13-1B,5.4.2-4,0.3537,NO_RELATION
5.6-4B,5.1.2-4,0.3535,NO_RELATION
5.12-1,5.4.2-1,0.3534,NO_RELATION
5.5-6,5.1.4-4,0.3534,NO_RELATION
5.6-4A,5.2.3-2.1,0.3533,NO_RELATION
5.3-9,5.4.1-2,0.3532,NO_RELATION
5.11-1,5.5.1-1,0.3531,NO_RELATION
5.3-14,5.4.1-3,0.353,NO_RELATION
5.11-3,5.5.1-1,0.353,NO_RELATION
5.2-1,5.2.1-4.1,0.3529,NO_RELATION
5.3-1,5.2.3-2.1,0.3528,NO_RELATION
5.3-4B,5.1.3-1,0.3528,NO_RELATION
5.4-4,5.4.1-2,0.3528,NO_RELATION
5.3-11,5.2.1-4,0.3527,NO_RELATION
5.4-4,5.1.2-1,0.3526,NO_RELATION
5.6-2,5.1.1-2,0.3525,NO_RELATION
5.7-2,5.2.2-2,0.3523,NO_RELATION
5.5-7,5.1.4-4,0.3523,NO_RELATION
5.3-2,5.1.4-4,0.3522,NO_RELATION
5.3-13,5.2.1-4.1,0.3521,NO_RELATION
5.6-2,5.1.3-1.1,0.3519,NO_RELATION
5.5-6,5.1.1-2,0.3518,NO_RELATION
5.13-1A,5.2.3-2.2,0.3517,NO_RELATION
5.2-3,5.1.2-3,0.3517,NO_RELATION
5.1-3,5.1.1-2.2,0.3516,NO_RELATION
5.13-1A,5.3.1-2,0.3516,NO_RELATION
5.8-3,5.3.1-2,0.3514,NO_RELATION
5.5-8,5.2.4-1.2,0.3513,NO_RELATION
5.12-3,5.1.4-3,0.351,NO_RELATION
5.5-8,5.1.4-5,0.351,NO_RELATION
5.5-6,5.2.3-1,0.3509,NO_RELATION
5.3-4B,5.2.1-1,0.3509,NO_RELATION
5.5-6,5.1.2-5.1,0.3509,NO_RELATION
5.3-8,5.2.4-1,0.3509,NO_RELATION
5.8-3,5.2.2-6,0.3508,NO_RELATION
5.3-4A,5.1.1-1,0.3507,NO_RELATION
5.3-4B,5.2.2-5,0.3506,NO_RELATION
5.3-11,5.1.1-2.2,0.3505,NO_RELATION
5.4-3,5.2.1-2,0.3504,NO_RELATION
5.3-7,5.1.1-1.1,0.3502,NO_RELATION
5.6-9,5.4.2-3,0.3502,NO_RELATION
5.2-3,5.3.1-2,0.3501,NO_RELATION
5.12-2,5.1.3-4,0.3501,NO_RELATION
5.13-1B,5.2.3-2.2,0.3498,NO_RELATION
5.3-2,5.2.2-2,0.3498,NO_RELATION
5.8-3,5.2.1-3,0.3497,NO_RELATION
5.8-3,5.3.1-1,0.3497,NO_RELATION
5.5-1,5.4.2-4,0.3496,NO_RELATION
5.8-1,5.1.4-4,0.3495,NO_RELATION
5.6-4A,5.4.2-4,0.3493,NO_RELATION
5.4-4,5.1.1-1.1,0.3491,NO_RELATION
5.7-2,5.2.2-1,0.349,NO_RELATION
5.12-1,5.1.2-5,0.349,NO_RELATION
5.1-5,5.2.1-4,0.3488,NO_RELATION
5.9-1,5.1.3-4,0.3487,NO_RELATION
5.3-4B,5.2.1-4.1,0.3487,NO_RELATION
5.12-2,5.1.3-3,0.3486,NO_RELATION
5.7-2,5.1.4-3,0.3485,NO_RELATION
5.8-3,5.4.1-1,0.3485,NO_RELATION
5.3-4A,5.1.3-3,0.3485,NO_RELATION
5.6-4A,5.1.3-2,0.3485,NO_RELATION
5.9-1,5.2.1-3.1,0.3483,NO_RELATION
5.4-3,5.1.4-5,0.3482,NO_RELATION
5.6-7,5.2.3-2,0.3481,NO_RELATION
5.1-2,5.2.1-2,0.3481,NO_RELATION
5.6-2,5.2.2-1,0.348,NO_RELATION
5.13-1A,5.4.2-3,0.3477,NO_RELATION
5.6-4B,5.2.2-2,0.3477,NO_RELATION
5.11-1,5.3.1-1,0.3475,NO_RELATION
5.12-2,5.1.2-7,0.3473,NO_RELATION
5.13-1A,5.4.1-1,0.3473,NO_RELATION
5.5-1,5.1.4-5,0.3473,NO_RELATION
5.3-16,5.2.3-4,0.3473,NO_RELATION
5.3-10,5.1.3-3,0.3471,NO_RELATION
5.4-4,5.1.1-2.2,0.3471,NO_RELATION
5.12-3,5.2.1-2,0.347,NO_RELATION
5.12-3,5.1.4-5,0.347,NO_RELATION
5.10-1,5.2.4-2.1,0.3469,NO_RELATION
5.3-4A,5.1.1-1.1,0.3469,NO_RELATION
5.8-2,5.1.4-5,0.3469,NO_RELATION
5.13-1B,5.1.2-3,0.3469,NO_RELATION
5.13-1A,5.2.1-4.2,0.3468,NO_RELATION
5.8-1,5.2.2-1,0.3468,NO_RELATION
5.13-1B,5.4.2-3,0.3467,NO_RELATION
5.12-2,5.1.2-5.1,0.3467,NO_RELATION
5.3-5,5.2.4-3,0.3467,NO_RELATION
5.2-3,5.2.5-3,0.3466,NO_RELATION
5.12-1,5.1.2-1,0.3466,NO_RELATION
5.3-5,5.4.2-3,0.3465,NO_RELATION
5.3-11,5.2.5-3,0.3464,NO_RELATION
5.0-1,5.1.4-5,0.3464,NO_RELATION
5.5-1,5.1.2-5.1,0.3464,NO_RELATION
5.3-4A,5.1.3-1.2,0.3464,NO_RELATION
5.6-1,5.2.1-4,0.3463,NO_RELATION
5.3-14,5.4.1-1.1,0.3463,NO_RELATION
5.8-3,5.2.1-4.2,0.3462,NO_RELATION
5.3-11,5.2.1-2,0.3462,NO_RELATION
5.11-1,5.2.2-4,0.3462,NO_RELATION
5.3-7,5.1.1-2,0.346,NO_RELATION
5.6-2,5.1.2-5,0.3459,NO_RELATION
5.6-1,5.1.2-6,0.3459,NO_RELATION
5.4-4,5.1.2-5,0.3459,NO_RELATION
5.12-3,5.2.3-1,0.3457,NO_RELATION
5.9-1,5.2.1-1,0.3457,NO_RELATION
5.3-3,5.4.1-1.1,0.3457,NO_RELATION
5.3-15B,5.2.3-2,0.3456,NO_RELATION
5.6-2,5.1.2-7,0.3452,NO_RELATION
5.4-3,5.2.2-2,0.3452,NO_RELATION
5.5-6,5.4.1-1.1,0.3451,NO_RELATION
5.7-2,5.2.1-3,0.3448,NO_RELATION
5.3-2,5.2.3-4,0.3448,NO_RELATION
5.3-4B,5.1.2-7,0.3447,NO_RELATION
5.13-1A,5.2.1-2,0.3447,NO_RELATION
5.6-8,5.1.2-6,0.3447,NO_RELATION
5.3-1,5.5.1-2,0.3446,NO_RELATION
5.3-5,5.2.5-4.1,0.3445,NO_RELATION
5.12-1,5.1.4-4,0.3444,NO_RELATION
5.13-1A,5.1.4-5,0.3438,NO_RELATION
5.3-8,5.2.4-3,0.3435,NO_RELATION
5.4-2,5.1.3-3,0.3434,NO_RELATION
5.5-5,5.2.3-2,0.3433,NO_RELATION
5.6-4B,5.1.3-2,0.3432,NO_RELATION
5.9-1,5.2.3-2.1,0.3432,NO_RELATION
5.7-1,5.4.2-4,0.3431,NO_RELATION
5.3-4A,5.4.2-3,0.343,NO_RELATION
5.7-2,5.2.1-4.1,0.3429,NO_RELATION
5.4-3,5.1.3-1,0.3427,NO_RELATION
5.5-1,5.3.1-3,0.3427,NO_RELATION
5.3-4A,5.2.5-2,0.3425,NO_RELATION
5.6-9,5.4.1-3,0.3425,NO_RELATION
5.0-1,5.2.1-4.2,0.3424,NO_RELATION
5.2-2,5.2.4-1.1,0.3424,NO_RELATION
5.2-1,5.5.1-2,0.3424,NO_RELATION
5.7-2,5.4.2-2,0.3423,NO_RELATION
5.5-8,5.1.1-2.2,0.3423,NO_RELATION
5.4-1,5.2.1-4.1,0.3423,NO_RELATION
5.8-3,5.3.1-2.2,0.3422,NO_RELATION
5.6-4B,5.1.4-5,0.3422,NO_RELATION
5.6-4B,5.2.5-4.1,0.3421,NO_RELATION
5.2-3,5.1.2-2,0.3419,NO_RELATION
5.5-6,5.2.3-2.1,0.3418,NO_RELATION
5.1-3,5.2.5-1,0.3418,NO_RELATION
5.3-16,5.3.1-2.1,0.3417,NO_RELATION
5.1-3,5.2.1-4.2,0.3417,NO_RELATION
5.2-2,5.2.5-4.1,0.3417,NO_RELATION
5.3-13,5.2.3-2.1,0.3417,NO_RELATION
5.3-10,5.5.1-2,0.3415,NO_RELATION
5.3-12,5.4.1-1.1,0.3415,NO_RELATION
5.6-8,5.3.1-1,0.3414,NO_RELATION
5.1-3,5.2.2-4,0.3412,NO_RELATION
5.6-6,5.2.2-4,0.3412,NO_RELATION
5.3-4B,5.3.1-1,0.341,NO_RELATION
5.3-7,5.4.2-4,0.3409,NO_RELATION
5.3-13,5.1.2-7,0.3408,NO_RELATION
5.3-2,5.2.3-2.1,0.3407,NO_RELATION
5.12-3,5.2.1-4,0.3407,NO_RELATION
5.6-4A,5.4.2-1,0.3406,NO_RELATION
5.4-4,5.2.5-4.1,0.3405,NO_RELATION
5.6-9,5.5.1-1,0.3404,NO_RELATION
5.4-1,5.5.1-1,0.3404,NO_RELATION
5.5-8,5.2.4-1.1,0.3403,NO_RELATION
5.12-1,5.2.3-2,0.3402,NO_RELATION
5.13-1A,5.1.3-1,0.3401,NO_RELATION
5.13-1A,5.1.4-3,0.3401,NO_RELATION
5.8-2,5.2.2-6,0.3401,NO_RELATION
5.3-8,5.2.5-4.1,0.3399,NO_RELATION
5.10-1,5.2.4-1.1,0.3399,NO_RELATION
5.9-1,5.1.3-3,0.3398,NO_RELATION
5.3-4A,5.5.1-2,0.3398,NO_RELATION
5.13-1A,5.1.3-3,0.3398,NO_RELATION
5.6-4B,5.2.4-3,0.3397,NO_RELATION
5.6-5,5.2.2-3,0.3397,NO_RELATION
5.2-2,5.2.1-3.1,0.3397,NO_RELATION
5.8-1,5.1.4-5,0.3397,NO_RELATION
5.11-2,5.1.2-5,0.3396,NO_RELATION
5.5-5,5.2.1-4,0.3395,NO_RELATION
5.0-1,5.2.5-1,0.3395,NO_RELATION
5.3-4A,5.2.1-3.1,0.3395,NO_RELATION
5.6-8,5.4.2-1,0.3394,NO_RELATION
5.5-6,5.2.2-6,0.3394,NO_RELATION
5.3-1,5.2.2-1,0.3394,NO_RELATION
5.6-7,5.2.5-4.1,0.3392,NO_RELATION
5.5-2,5.1.1-2.1,0.3389,NO_RELATION
5.5-3,5.5.1-2,0.3388,NO_RELATION
5.1-4,5.4.1-1,0.3387,NO_RELATION
5.5-6,5.1.3-1.2,0.3385,NO_RELATION
5.4-1,5.5.1-2,0.3385,NO_RELATION
5.3-4A,5.2.4-3,0.3385,NO_RELATION
5.3-4B,5.1.3-3,0.3384,NO_RELATION
5.5-2,5.3.1-2.2,0.3383,NO_RELATION
5.6-4A,5.2.4-3,0.3383,NO_RELATION
5.10-1,5.4.2-3,0.3382,NO_RELATION
5.5-8,5.2.1-3,0.3382,NO_RELATION
5.7-1,5.1.4-4,0.3382,NO_RELATION
5.13-1A,5.1.3-4,0.3381,NO_RELATION
5.3-11,5.1.4-5,0.3381,NO_RELATION
5.4-2,5.3.1-2.2,0.338,NO_RELATION
5.6-2,5.3.1-1,0.338,NO_RELATION
5.4-4,5.1.2-7,0.338,NO_RELATION
5.3-8,5.2.4-1.2,0.338,NO_RELATION
5.6-7,5.1.2-1,0.338,NO_RELATION
5.0-1,5.4.1-1.1,0.3378,NO_RELATION
5.12-3,5.1.2-7,0.3377,NO_RELATION
5.5-6,5.1.1-1,0.3377,NO_RELATION
5.6-4B,5.2.5-2,0.3377,NO_RELATION
5.4-2,5.4.2-1,0.3376,NO_RELATION
5.3-10,5.4.1-1.1,0.3376,NO_RELATION
5.5-3,5.3.1-2.2,0.3375,NO_RELATION
5.6-2,5.4.2-3,0.3375,NO_RELATION
5.7-2,5.3.1-2,0.3374,NO_RELATION
5.3-5,5.1.1-1,0.3373,NO_RELATION
5.6-4A,5.4.2-3,0.3373,NO_RELATION
5.4-4,5.2.1-3,0.3373,NO_RELATION
5.11-1,5.2.1-1,0.3373,NO_RELATION
5.7-1,5.2.3-1,0.3372,NO_RELATION
5.10-1,5.1.1-2,0.3371,NO_RELATION
5.6-5,5.2.3-2.1,0.337,NO_RELATION
5.13-1B,5.1.4-5,0.337,NO_RELATION
5.6-3,5.2.3-2,0.3369,NO_RELATION
5.12-1,5.1.3-1.1,0.3369,NO_RELATION
5.13-1A,5.2.2-3,0.3366,NO_RELATION
5.2-3,5.4.1-3,0.3365,NO_RELATION
5.8-2,5.1.4-4,0.3365,NO_RELATION
5.3-4A,5.2.3-2.1,0.3365,NO_RELATION
5.3-14,5.2.5-1,0.3364,NO_RELATION
5.12-3,5.3.1-1,0.3362,NO_RELATION
5.2-3,5.2.2-5,0.3362,NO_RELATION
5.3-6B,5.2.2-6,0.3362,NO_RELATION
5.6-9,5.2.5-2.1,0.3361,NO_RELATION
5.12-2,5.3.1-2,0.336,NO_RELATION
5.6-4A,5.2.2-1,0.3359,NO_RELATION
5.3-4A,5.2.4-1,0.3356,NO_RELATION
5.2-1,5.1.2-1,0.3355,NO_RELATION
5.7-2,5.1.3-1,0.3355,NO_RELATION
5.12-1,5.2.3-2.1,0.3355,NO_RELATION
5.5-5,5.2.2-6,0.3355,NO_RELATION
5.4-2,5.4.1-1.1,0.3355,NO_RELATION
5.3-6B,5.4.2-4,0.3354,NO_RELATION
5.6-8,5.5.1-1,0.3354,NO_RELATION
5.12-3,5.2.1-4.1,0.3353,NO_RELATION
5.6-2,5.2.5-4.1,0.3353,NO_RELATION
5.8-3,5.2.4-1.1,0.3353,NO_RELATION
5.3-5,5.2.3-4,0.3352,NO_RELATION
5.8-2,5.1.3-2,0.3351,NO_RELATION
5.3-6B,5.4.1-2,0.3351,NO_RELATION
5.2-2,5.1.1-2,0.3351,NO_RELATION
5.6-7,5.1.3-3,0.335,NO_RELATION
5.3-9,5.2.1-2,0.335,NO_RELATION
5.3-7,5.2.2-1,0.335,NO_RELATION
5.3-10,5.2.2-1,0.335,NO_RELATION
5.3-11,5.1.2-1,0.335,NO_RELATION
5.1-3,5.1.1-2,0.3349,NO_RELATION
5.3-8,5.2.5-2,0.3347,NO_RELATION
5.3-10,5.1.2-7,0.3347,NO_RELATION
5.11-3,5.3.1-2.2,0.3347,NO_RELATION
5.7-2,5.5.1-1,0.3346,NO_RELATION
5.13-1B,5.2.5-2,0.3346,NO_RELATION
5.3-4B,5.2.1-4.2,0.3346,NO_RELATION
5.8-3,5.1.2-4,0.3346,NO_RELATION
5.0-1,5.5.1-2,0.3345,NO_RELATION
5.1-4,5.3.1-2.2,0.3344,NO_RELATION
5.1-4,5.1.4-4,0.3344,NO_RELATION
5.1-4,5.2.1-2,0.3344,NO_RELATION
5.13-1B,5.4.1-1,0.3344,NO_RELATION
5.4-4,5.5.1-2,0.3343,NO_RELATION
5.6-2,5.5.1-2,0.3342,NO_RELATION
5.3-10,5.2.2-6,0.3342,NO_RELATION
5.4-4,5.1.3-4,0.3342,NO_RELATION
5.3-1,5.1.2-5,0.3341,NO_RELATION
5.4-3,5.3.1-2.2,0.334,NO_RELATION
5.11-1,5.4.2-1,0.3339,NO_RELATION
5.3-2,5.5.1-1,0.3338,NO_RELATION
5.6-7,5.3.1-3,0.3337,NO_RELATION
5.12-3,5.2.5-4.1,0.3336,NO_RELATION
5.4-2,5.1.1-2.2,0.3336,NO_RELATION
5.1-3,5.4.1-1,0.3334,NO_RELATION
5.3-9,5.1.2-3,0.3334,NO_RELATION
5.2-3,5.2.1-4,0.3333,NO_RELATION
5.3-5,5.4.1-3,0.3333,NO_RELATION
5.5-8,5.5.1-2,0.3333,NO_RELATION
5.6-8,5.2.1-4.1,0.3333,NO_RELATION
5.12-2,5.2.4-1.2,0.3332,NO_RELATION
5.11-1,5.1.4-4,0.3332,NO_RELATION
5.7-1,5.1.2-5,0.3332,NO_RELATION
5.4-4,5.1.2-4,0.333,NO_RELATION
5.3-4A,5.4.2-1,0.333,NO_RELATION
5.6-6,5.2.3-2.1,0.3329,NO_RELATION
5.1-4,5.2.1-4,0.3328,NO_RELATION
5.0-1,5.2.4-1,0.3328,NO_RELATION
5.4-4,5.1.1-2.1,0.3328,NO_RELATION
5.6-9,5.1.4-2,0.3327,NO_RELATION
5.7-2,5.1.2-4,0.3327,NO_RELATION
5.13-1A,5.1.4-2,0.3326,NO_RELATION
5.4-2,5.2.1-4.2,0.3325,NO_RELATION
5.5-2,5.2.4-1.2,0.3324,NO_RELATION
5.3-14,5.2.1-1,0.3324,NO_RELATION
5.10-1,5.2.4-2,0.3324,NO_RELATION
5.10-1,5.2.1-4.2,0.3323,NO_RELATION
5.5-1,5.2.5-1,0.3323,NO_RELATION
5.5-3,5.1.1-2.2,0.3322,NO_RELATION
5.13-1B,5.2.2-4,0.3322,NO_RELATION
5.6-3,5.4.2-4,0.3321,NO_RELATION
5.5-8,5.1.3-4,0.332,NO_RELATION
5.6-4A,5.2.2-4,0.3319,NO_RELATION
5.3-7,5.4.1-1.1,0.3318,NO_RELATION
5.6-4B,5.2.5-4,0.3318,NO_RELATION
5.3-5,5.1.2-5.1,0.3316,NO_RELATION
5.3-11,5.1.2-3,0.3315,NO_RELATION
5.12-2,5.3.1-1,0.3315,NO_RELATION
5.12-3,5.2.4-1.2,0.3314,NO_RELATION
5.3-10,5.2.1-1,0.3313,NO_RELATION
5.3-5,5.1.3-2,0.3311,NO_RELATION
5.5-6,5.1.2-4,0.3311,NO_RELATION
5.3-15B,5.2.3-3,0.3311,NO_RELATION
5.4-4,5.1.1-1,0.331,NO_RELATION
5.6-4A,5.5.1-2,0.331,NO_RELATION
5.6-5,5.1.4-1,0.3309,NO_RELATION
5.12-3,5.4.2-1,0.3308,NO_RELATION
5.3-4B,5.2.4-3,0.3308,NO_RELATION
5.3-9,5.4.1-1.1,0.3307,NO_RELATION
5.6-1,5.1.1-2,0.3306,NO_RELATION
5.3-11,5.2.1-3,0.3305,NO_RELATION
5.3-11,5.2.3-1,0.3304,NO_RELATION
5.12-1,5.2.2-1,0.3304,NO_RELATION
5.12-1,5.1.3-2,0.3304,NO_RELATION
5.5-8,5.2.1-4,0.3304,NO_RELATION
5.12-1,5.2.5-4.1,0.3303,NO_RELATION
5.6-7,5.1.1-2.2,0.3302,NO_RELATION
5.4-3,5.1.3-2,0.3302,NO_RELATION
5.5-2,5.2.2-4,0.3298,NO_RELATION
5.7-1,5.4.1-1,0.3298,NO_RELATION
5.4-2,5.1.3-2,0.3298,NO_RELATION
5.0-1,5.1.4-2,0.3297,NO_RELATION
5.1-3,5.3.1-3,0.3297,NO_RELATION
5.5-2,5.1.2-1,0.3296,NO_RELATION
5.4-4,5.1.4-3,0.3296,NO_RELATION
5.3-1,5.1.2-4,0.3296,NO_RELATION
5.6-7,5.4.1-2,0.3295,NO_RELATION
5.1-2,5.1.2-5,0.3294,NO_RELATION
5.8-1,5.1.1-2,0.3294,NO_RELATION
5.4-3,5.1.1-2.2,0.3293,NO_RELATION
5.2-2,5.1.2-2,0.3293,NO_RELATION
5.7-2,5.1.3-1.1,0.3293,NO_RELATION
5.3-8,5.1.4-4,0.3291,NO_RELATION
5.1-3,5.1.3-3,0.329,NO_RELATION
5.3-1,5.2.1-1,0.3289,NO_RELATION
5.9-1,5.3.1-2.1,0.3289,NO_RELATION
5.0-1,5.2.2-2,0.3288,NO_RELATION
5.6-1,5.2.2-1,0.3288,NO_RELATION
5.10-1,5.1.4-5,0.3288,NO_RELATION
5.8-2,5.5.1-1,0.3287,NO_RELATION
5.11-1,5.3.1-2.2,0.3287,NO_RELATION
5.2-1,5.2.3-4,0.3286,NO_RELATION
5.1-2,5.4.2-1,0.3286,NO_RELATION
5.6-7,5.2.5-3,0.3285,NO_RELATION
5.3-11,5.2.1-3.1,0.3285,NO_RELATION
5.10-1,5.1.3-1,0.3285,NO_RELATION
5.3-4A,5.2.2-6,0.3285,NO_RELATION
5.6-5,5.2.1-4,0.3285,NO_RELATION
5.4-3,5.2.3-1,0.3284,NO_RELATION
5.2-2,5.2.3-3,0.3282,NO_RELATION
5.6-5,5.2.3-1,0.3282,NO_RELATION
5.3-12,5.4.1-3,0.3282,NO_RELATION
5.3-4A,5.1.3-4,0.3281,NO_RELATION
5.4-4,5.1.2-5.1,0.3281,NO_RELATION
5.11-4,5.2.1-4,0.3278,NO_RELATION
5.5-6,5.3.1-3,0.3277,NO_RELATION
5.6-7,5.1.3-2,0.3277,NO_RELATION
5.2-1,5.1.1-1,0.3277,NO_RELATION
5.13-1B,5.4.2-2,0.3277,NO_RELATION
5.6-2,5.2.5-1,0.3276,NO_RELATION
5.12-2,5.1.2-1,0.3276,NO_RELATION
5.3-8,5.2.1-3,0.3276,NO_RELATION
5.8-3,5.1.4-4,0.3275,NO_RELATION
5.4-2,5.2.5-1,0.3275,NO_RELATION
5.3-2,5.1.2-6,0.3275,NO_RELATION
5.6-4A,5.3.1-2.2,0.3274,NO_RELATION
5.3-6B,5.2.1-4,0.3274,NO_RELATION
5.3-11,5.3.1-1,0.3274,NO_RELATION
5.6-2,5.2.3-2.1,0.3274,NO_RELATION
5.3-8,5.4.1-3,0.3274,NO_RELATION
5.3-4A,5.1.4-5,0.3273,NO_RELATION
5.3-2,5.2.3-2,0.3273,NO_RELATION
5.3-4B,5.2.1-4,0.3272,NO_RELATION
5.6-8,5.2.2-3,0.3272,NO_RELATION
5.6-7,5.2.2-2,0.3271,NO_RELATION
5.0-1,5.1.2-4,0.3269,NO_RELATION
5.9-1,5.1.2-2,0.3269,NO_RELATION
5.4-1,5.1.3-1.1,0.3267,NO_RELATION
5.6-2,5.1.3-4,0.3267,NO_RELATION
5.4-2,5.2.1-3,0.3265,NO_RELATION
5.6-8,5.4.2-4,0.3265,NO_RELATION
5.1-3,5.1.4-5,0.3265,NO_RELATION
5.12-1,5.1.1-2,0.3265,NO_RELATION
5.2-1,5.1.2-4,0.3265,NO_RELATION
5.10-1,5.3.1-1,0.3264,NO_RELATION
5.4-2,5.1.2-2,0.3264,NO_RELATION
5.1-4,5.2.2-1,0.3263,NO_RELATION
5.6-4B,5.4.2-3,0.3263,NO_RELATION
5.3-1,5.1.3-4,0.3262,NO_RELATION
5.12-1,5.2.4-1.1,0.3261,NO_RELATION
5.4-1,5.4.1-1,0.3261,NO_RELATION
5.6-7,5.2.2-6,0.326,NO_RELATION
5.13-1A,5.1.2-1,0.3259,NO_RELATION
5.0-1,5.1.3-4,0.3259,NO_RELATION
5.8-1,5.1.1-1.1,0.3259,NO_RELATION
5.3-14,5.2.4-1.2,0.3258,NO_RELATION
5.13-1B,5.2.5-4.1,0.3258,NO_RELATION
5.6-4A,5.2.5-4.1,0.3257,NO_RELATION
5.5-1,5.4.1-1,0.3256,NO_RELATION
5.2-1,5.1.2-5,0.3254,NO_RELATION
5.5-1,5.2.3-2.1,0.3254,NO_RELATION
5.10-1,5.2.5-1,0.3254,NO_RELATION
5.0-1,5.1.4-3,0.3254,NO_RELATION
5.13-1A,5.2.3-2,0.3253,NO_RELATION
5.3-7,5.2.1-4.2,0.3253,NO_RELATION
5.1-2,5.2.1-4.2,0.3252,NO_RELATION
5.3-4B,5.4.2-2,0.3252,NO_RELATION
5.6-9,5.1.2-5,0.3251,NO_RELATION
5.1-4,5.3.1-1,0.3251,NO_RELATION
5.13-1A,5.2.5-4,0.325,NO_RELATION
5.4-4,5.2.1-4.1,0.325,NO_RELATION
5.4-4,5.2.4-1.1,0.325,NO_RELATION
5.2-3,5.1.4-1,0.3249,NO_RELATION
5.2-3,5.4.1-2,0.3249,NO_RELATION
5.1-2,5.4.1-1,0.3247,NO_RELATION
5.2-1,5.1.3-1,0.3246,NO_RELATION
5.5-3,5.4.2-4,0.3246,NO_RELATION
5.3-9,5.2.1-3.1,0.3246,NO_RELATION
5.3-14,5.4.2-1,0.3245,NO_RELATION
5.10-1,5.1.2-3,0.3244,NO_RELATION
5.6-7,5.5.1-1,0.3244,NO_RELATION
5.3-1,5.2.5-4.1,0.3244,NO_RELATION
5.5-1,5.1.4-3,0.3243,NO_RELATION
5.3-7,5.1.4-4,0.3243,NO_RELATION
5.3-1,5.1.3-3,0.3242,NO_RELATION
5.3-8,5.2.3-3,0.3242,NO_RELATION
5.2-3,5.2.1-3,0.3242,NO_RELATION
5.3-4A,5.1.4-3,0.3242,NO_RELATION
5.7-2,5.2.1-3.1,0.3242,NO_RELATION
5.5-1,5.2.4-1.2,0.3239,NO_RELATION
5.13-1B,5.2.1-2,0.3238,NO_RELATION
5.11-2,5.5.1-1,0.3238,NO_RELATION
5.10-1,5.1.1-2.1,0.3237,NO_RELATION
5.13-1A,5.4.1-1.1,0.3237,NO_RELATION
5.3-4B,5.5.1-1,0.3236,NO_RELATION
5.6-7,5.3.1-2.1,0.3236,NO_RELATION
5.8-3,5.2.3-2.2,0.3235,NO_RELATION
5.3-5,5.1.3-4,0.3235,NO_RELATION
5.6-4A,5.1.4-3,0.3234,NO_RELATION
5.3-13,5.5.1-2,0.3234,NO_RELATION
5.3-3,5.4.2-4,0.3233,NO_RELATION
5.3-5,5.1.3-1.1,0.3231,NO_RELATION
5.12-2,5.2.2-2,0.323,NO_RELATION
5.12-1,5.1.2-5.1,0.323,NO_RELATION
5.6-8,5.2.2-4,0.323,NO_RELATION
5.6-4B,5.4.1-1.1,0.3229,NO_RELATION
5.11-3,5.3.1-1,0.3229,NO_RELATION
5.4-3,5.2.5-1,0.3228,NO_RELATION
5.12-3,5.2.4-3,0.3227,NO_RELATION
5.6-7,5.4.2-4,0.3226,NO_RELATION
5.3-5,5.2.5-2,0.3226,NO_RELATION
5.3-4B,5.2.4-1.2,0.3226,NO_RELATION
5.5-7,5.2.4-1.2,0.3226,NO_RELATION
5.1-2,5.1.1-1.1,0.3226,NO_RELATION
5.13-1A,5.5.1-1,0.3225,NO_RELATION
5.6-2,5.4.1-1.1,0.3225,NO_RELATION
5.2-1,5.2.3-2,0.3225,NO_RELATION
5.5-6,5.4.1-1,0.3225,NO_RELATION
5.3-2,5.1.3-3,0.3225,NO_RELATION
5.2-2,5.2.2-1,0.3224,NO_RELATION
5.3-9,5.2.4-3,0.3224,NO_RELATION
5.3-9,5.2.4-1,0.3224,NO_RELATION
5.3-9,5.2.2-4,0.3224,NO_RELATION
5.3-14,5.3.1-2,0.3223,NO_RELATION
5.8-3,5.2.2-1,0.3222,NO_RELATION
5.3-15B,5.3.1-3,0.3221,NO_RELATION
5.3-13,5.2.1-2,0.3221,NO_RELATION
5.13-1B,5.1.3-1,0.3219,NO_RELATION
5.3-2,5.1.1-2,0.3219,NO_RELATION
5.4-4,5.2.3-2,0.3219,NO_RELATION
5.6-9,5.2.2-5,0.3217,NO_RELATION
5.2-1,5.1.4-3,0.3217,NO_RELATION
5.3-4B,5.3.1-2,0.3217,NO_RELATION
5.3-11,5.2.4-2,0.3216,NO_RELATION
5.12-1,5.1.3-1.3,0.3216,NO_RELATION
5.2-2,5.2.4-1.2,0.3215,NO_RELATION
5.3-10,5.4.2-1,0.3212,NO_RELATION
5.3-15B,5.4.1-1.1,0.3212,NO_RELATION
5.0-1,5.3.1-3,0.3211,NO_RELATION
5.5-3,5.4.1-1.1,0.3211,NO_RELATION
5.12-3,5.2.5-2,0.3211,NO_RELATION
5.12-2,5.1.1-2.1,0.3211,NO_RELATION
5.5-8,5.2.5-2,0.3211,NO_RELATION
5.6-8,5.4.1-1.1,0.321,NO_RELATION
5.8-3,5.1.3-1.1,0.321,NO_RELATION
5.4-1,5.4.1-1.1,0.321,NO_RELATION
5.4-1,5.3.1-2.2,0.3209,NO_RELATION
5.5-5,5.1.2-5,0.3208,NO_RELATION
5.12-1,5.2.5-2,0.3207,NO_RELATION
5.1-2,5.2.5-1,0.3207,NO_RELATION
5.7-1,5.2.1-4,0.3207,NO_RELATION
5.3-5,5.1.1-1.1,0.3207,NO_RELATION
5.6-3,5.2.3-2.1,0.3207,NO_RELATION
5.0-1,5.4.2-1,0.3206,NO_RELATION
5.11-4,5.4.2-4,0.3206,NO_RELATION
5.3-6B,5.1.2-5,0.3206,NO_RELATION
5.3-11,5.2.5-2,0.3206,NO_RELATION
5.6-5,5.1.3-4,0.3203,NO_RELATION
5.3-9,5.4.2-1,0.3203,NO_RELATION
5.13-1A,5.1.2-5.1,0.3202,NO_RELATION
5.5-1,5.2.4-1.1,0.3202,NO_RELATION
5.6-4A,5.2.5-2,0.3201,NO_RELATION
5.3-7,5.2.3-1,0.32,NO_RELATION
5.5-1,5.2.2-6,0.3199,NO_RELATION
5.1-3,5.2.5-2.1,0.3199,NO_RELATION
5.5-6,5.1.3-1,0.3199,NO_RELATION
5.5-1,5.1.3-4,0.3199,NO_RELATION
5.3-8,5.1.3-1.2,0.3198,NO_RELATION
5.13-1B,5.2.5-4,0.3196,NO_RELATION
5.6-4B,5.4.2-4,0.3196,NO_RELATION
5.5-1,5.2.3-1,0.3196,NO_RELATION
5.3-15A,5.4.1-1,0.3195,NO_RELATION
5.3-13,5.4.1-2,0.3195,NO_RELATION
5.7-2,5.3.1-2.1,0.3195,NO_RELATION
5.5-8,5.1.3-1.2,0.3194,NO_RELATION
5.3-1,5.5.1-1,0.3193,NO_RELATION
5.2-3,5.1.4-2,0.3193,NO_RELATION
5.3-8,5.2.1-4.1,0.3191,NO_RELATION
5.7-2,5.2.5-1,0.319,NO_RELATION
5.7-1,5.4.2-1,0.3189,NO_RELATION
5.11-3,5.2.1-1,0.3187,NO_RELATION
5.2-2,5.1.3-1.2,0.3187,NO_RELATION
5.9-3,5.2.1-3.1,0.3186,NO_RELATION
5.6-4A,5.1.3-4,0.3185,NO_RELATION
5.3-2,5.5.1-2,0.3185,NO_RELATION
5.3-13,5.4.1-3,0.3185,NO_RELATION
5.6-5,5.1.4-4,0.3184,NO_RELATION
5.1-3,5.1.3-2,0.3184,NO_RELATION
5.4-4,5.1.2-6,0.3183,NO_RELATION
5.3-11,5.4.1-3,0.3183,NO_RELATION
5.6-4A,5.3.1-3,0.3183,NO_RELATION
5.13-1B,5.5.1-1,0.3182,NO_RELATION
5.13-1B,5.5.1-2,0.3182,NO_RELATION
5.3-11,5.3.1-2,0.3182,NO_RELATION
5.4-2,5.5.1-2,0.3181,NO_RELATION
5.1-2,5.4.1-1.1,0.318,NO_RELATION
5.2-3,5.1.2-6,0.318,NO_RELATION
5.13-1A,5.2.5-4.1,0.318,NO_RELATION
5.12-1,5.2.3-1,0.318,NO_RELATION
5.8-2,5.2.4-1.1,0.3179,NO_RELATION
5.3-9,5.2.5-4.1,0.3178,NO_RELATION
5.12-3,5.1.3-2,0.3178,NO_RELATION
5.3-8,5.1.1-1.1,0.3178,NO_RELATION
5.13-1B,5.1.3-3,0.3178,NO_RELATION
5.4-2,5.1.2-6,0.3178,NO_RELATION
5.6-4B,5.1.3-1,0.3177,NO_RELATION
5.6-2,5.4.2-1,0.3177,NO_RELATION
5.0-1,5.2.3-2.2,0.3177,NO_RELATION
5.3-4B,5.2.4-1.1,0.3175,NO_RELATION
5.6-1,5.2.3-2.1,0.3175,NO_RELATION
5.4-3,5.4.1-1,0.3175,NO_RELATION
5.6-1,5.1.4-4,0.3175,NO_RELATION
5.6-3,5.5.1-2,0.3174,NO_RELATION
5.2-3,5.1.1-1.1,0.3173,NO_RELATION
5.13-1A,5.2.1-3.1,0.3171,NO_RELATION
5.6-2,5.3.1-3,0.3171,NO_RELATION
5.12-2,5.1.3-1.3,0.317,NO_RELATION
5.11-2,5.2.1-1,0.317,NO_RELATION
5.3-4A,5.2.4-1.1,0.3169,NO_RELATION
5.4-3,5.4.1-1.1,0.3169,NO_RELATION
5.5-2,5.2.5-4.1,0.3168,NO_RELATION
5.4-4,5.2.5-2,0.3168,NO_RELATION
5.3-14,5.2.4-3,0.3167,NO_RELATION
5.12-1,5.1.4-5,0.3166,NO_RELATION
5.6-4A,5.1.2-7,0.3165,NO_RELATION
5.6-6,5.3.1-2.1,0.3165,NO_RELATION
5.6-9,5.1.2-3,0.3165,NO_RELATION
5.3-4B,5.5.1-2,0.3164,NO_RELATION
5.3-14,5.4.1-2,0.3164,NO_RELATION
5.3-1,5.1.1-2,0.3164,NO_RELATION
5.3-4B,5.1.2-6,0.3164,NO_RELATION
5.0-1,5.3.1-1,0.3161,NO_RELATION
5.3-6B,5.1.4-4,0.3161,NO_RELATION
5.1-3,5.1.2-5.1,0.316,NO_RELATION
5.13-1A,5.2.4-2.1,0.316,NO_RELATION
5.6-4A,5.2.1-2,0.316,NO_RELATION
5.3-4A,5.2.1-4,0.3159,NO_RELATION
5.5-3,5.4.1-1,0.3159,NO_RELATION
5.2-3,5.2.3-3,0.3158,NO_RELATION
5.13-1A,5.2.4-1,0.3157,NO_RELATION
5.4-1,5.2.2-1,0.3157,NO_RELATION
5.7-1,5.1.3-4,0.3156,NO_RELATION
5.3-3,5.4.1-2,0.3153,NO_RELATION
5.3-10,5.2.3-4,0.3153,NO_RELATION
5.3-7,5.2.5-1,0.3152,NO_RELATION
5.3-15A,5.5.1-2,0.3152,NO_RELATION
5.13-1A,5.2.4-3,0.3151,NO_RELATION
5.13-1A,5.2.2-2,0.315,NO_RELATION
5.12-2,5.1.2-4,0.3149,NO_RELATION
5.6-7,5.1.2-2,0.3149,NO_RELATION
5.6-4B,5.1.3-1.1,0.3149,NO_RELATION
5.3-7,5.2.2-6,0.3149,NO_RELATION
5.6-4B,5.4.2-1,0.3148,NO_RELATION
5.2-1,5.2.2-1,0.3148,NO_RELATION
5.6-4B,5.1.4-3,0.3148,NO_RELATION
5.1-2,5.1.1-2,0.3147,NO_RELATION
5.1-2,5.3.1-2.2,0.3145,NO_RELATION
5.12-2,5.4.2-1,0.3143,NO_RELATION
5.6-4B,5.1.2-7,0.3143,NO_RELATION
5.12-3,5.1.2-1,0.3143,NO_RELATION
5.5-6,5.3.1-2.2,0.3143,NO_RELATION
5.2-2,5.2.4-3,0.3142,NO_RELATION
5.3-4B,5.2.2-2,0.3142,NO_RELATION
5.13-1A,5.1.2-4,0.3142,NO_RELATION
5.6-2,5.1.2-4,0.3141,NO_RELATION
5.3-5,5.4.2-1,0.3139,NO_RELATION
5.5-6,5.2.4-1.2,0.3139,NO_RELATION
5.3-5,5.1.4-5,0.3137,NO_RELATION
5.0-1,5.1.4-4,0.3137,NO_RELATION
5.3-7,5.1.3-3,0.3136,NO_RELATION
5.3-8,5.1.1-2.2,0.3136,NO_RELATION
5.5-1,5.4.2-1,0.3136,NO_RELATION
5.3-2,5.1.2-7,0.3135,NO_RELATION
5.3-1,5.2.3-4,0.3135,NO_RELATION
5.3-15A,5.1.1-2.1,0.3135,NO_RELATION
5.1-5,5.1.4-5,0.3135,NO_RELATION
5.11-4,5.4.2-1,0.3133,NO_RELATION
5.6-5,5.2.5-2,0.3133,NO_RELATION
5.12-3,5.2.3-2,0.3131,NO_RELATION
5.3-11,5.4.2-2,0.313,NO_RELATION
5.2-1,5.2.3-1,0.313,NO_RELATION
5.6-6,5.4.1-1.1,0.313,NO_RELATION
5.12-1,5.4.1-1.1,0.313,NO_RELATION
5.0-1,5.1.2-1.1,0.313,NO_RELATION
5.6-8,5.2.5-1,0.313,NO_RELATION
5.4-2,5.2.3-2.1,0.3129,NO_RELATION
5.2-2,5.1.3-3,0.3129,NO_RELATION
5.6-7,5.2.3-2.2,0.3128,NO_RELATION
5.6-7,5.1.1-1.1,0.3127,NO_RELATION
5.12-2,5.1.1-2.2,0.3126,NO_RELATION
5.1-3,5.2.3-2.2,0.3125,NO_RELATION
5.7-1,5.1.3-3,0.3125,NO_RELATION
5.3-15B,5.4.2-4,0.3124,NO_RELATION
5.6-6,5.1.2-5,0.3124,NO_RELATION
5.3-2,5.2.1-2,0.3124,NO_RELATION
5.6-2,5.2.1-2,0.3124,NO_RELATION
5.3-11,5.2.3-2,0.3124,NO_RELATION
5.3-15B,5.5.1-2,0.3122,NO_RELATION
5.6-3,5.1.4-5,0.3122,NO_RELATION
5.4-4,5.2.2-6,0.3122,NO_RELATION
5.6-8,5.1.3-2,0.312,NO_RELATION
5.5-1,5.2.1-2,0.3119,NO_RELATION
5.0-1,5.2.5-4.1,0.3118,NO_RELATION
5.12-2,5.2.5-4.1,0.3117,NO_RELATION
5.3-9,5.1.2-5,0.3117,NO_RELATION
5.8-3,5.2.2-2,0.3116,NO_RELATION
5.13-1A,5.1.3-1.1,0.3116,NO_RELATION
5.7-1,5.4.1-1.1,0.3115,NO_RELATION
5.3-4B,5.4.1-3,0.3113,NO_RELATION
5.11-4,5.3.1-1,0.3112,NO_RELATION
5.3-14,5.3.1-2.1,0.311,NO_RELATION
5.6-5,5.2.2-2,0.311,NO_RELATION
5.8-3,5.2.3-2,0.3109,NO_RELATION
5.2-2,5.2.1-4.1,0.3109,NO_RELATION
5.6-4B,5.2.2-1,0.3107,NO_RELATION
5.1-5,5.1.3-2,0.3105,NO_RELATION
5.1-5,5.1.2-2,0.3105,NO_RELATION
5.12-3,5.1.3-4,0.3105,NO_RELATION
5.6-5,5.2.5-1,0.3104,NO_RELATION
5.13-1B,5.3.1-2,0.3104,NO_RELATION
5.3-4A,5.1.2-2,0.3104,NO_RELATION
5.2-1,5.2.5-3,0.3103,NO_RELATION
5.2-1,5.1.3-4,0.3103,NO_RELATION
5.4-2,5.5.1-1,0.3102,NO_RELATION
5.6-9,5.3.1-2.1,0.31,NO_RELATION
5.11-4,5.1.2-5,0.31,NO_RELATION
5.6-7,5.1.2-7,0.31,NO_RELATION
5.4-1,5.2.4-1.2,0.31,NO_RELATION
5.5-6,5.2.2-1,0.3099,NO_RELATION
5.2-2,5.1.1-2.2,0.3099,NO_RELATION
5.5-3,5.2.1-4,0.3098,NO_RELATION
5.12-1,5.1.2-6,0.3098,NO_RELATION
5.5-6,5.1.1-2.2,0.3098,NO_RELATION
5.12-2,5.2.3-2,0.3097,NO_RELATION
5.2-1,5.1.4-5,0.3097,NO_RELATION
5.0-1,5.2.4-3,0.3096,NO_RELATION
5.5-2,5.3.1-3,0.3095,NO_RELATION
5.6-5,5.1.2-4,0.3095,NO_RELATION
5.8-3,5.1.2-1.1,0.3094,NO_RELATION
5.8-2,5.2.2-1,0.3094,NO_RELATION
5.2-1,5.2.3-2.2,0.3094,NO_RELATION
5.12-2,5.2.4-1.1,0.3093,NO_RELATION
5.3-7,5.1.3-1.1,0.3093,NO_RELATION
5.11-4,5.4.1-1,0.3093,NO_RELATION
5.5-1,5.1.3-1,0.3092,NO_RELATION
5.3-8,5.1.2-4,0.3091,NO_RELATION
5.1-1,5.1.4-4,0.3091,NO_RELATION
5.4-3,5.1.2-4,0.309,NO_RELATION
5.6-2,5.1.1-2.2,0.3089,NO_RELATION
5.6-1,5.4.1-1.1,0.3088,NO_RELATION
5.9-1,5.3.1-3,0.3088,NO_RELATION
5.3-4A,5.2.1-3,0.3088,NO_RELATION
5.0-1,5.2.4-1.2,0.3086,NO_RELATION
5.3-2,5.1.3-1.1,0.3086,NO_RELATION
5.12-3,5.2.4-1,0.3085,NO_RELATION
5.3-7,5.1.1-1,0.3084,NO_RELATION
5.1-3,5.3.1-1,0.3084,NO_RELATION
5.3-10,5.2.1-4,0.3084,NO_RELATION
5.6-8,5.3.1-2.2,0.3083,NO_RELATION
5.3-6B,5.1.3-4,0.3083,NO_RELATION
5.8-1,5.1.3-1.1,0.3082,NO_RELATION
5.3-7,5.1.1-2.2,0.3081,NO_RELATION
5.2-3,5.5.1-2,0.3079,NO_RELATION
5.5-8,5.2.5-4.1,0.3078,NO_RELATION
5.6-2,5.2.1-1,0.3078,NO_RELATION
5.10-1,5.1.4-3,0.3078,NO_RELATION
5.3-13,5.2.3-2.2,0.3077,NO_RELATION
5.8-3,5.1.2-5.1,0.3077,NO_RELATION
5.7-1,5.1.4-3,0.3076,NO_RELATION
5.5-2,5.4.2-4,0.3076,NO_RELATION
5.10-1,5.2.2-1,0.3076,NO_RELATION
5.13-1B,5.1.2-5.1,0.3076,NO_RELATION
5.4-2,5.2.3-2,0.3075,NO_RELATION
5.7-2,5.2.1-4.2,0.3075,NO_RELATION
5.5-2,5.1.4-4,0.3074,NO_RELATION
5.6-4B,5.1.3-4,0.3074,NO_RELATION
5.8-2,5.2.1-4.1,0.3073,NO_RELATION
5.3-10,5.2.5-4.1,0.3073,NO_RELATION
5.3-6B,5.1.4-5,0.3072,NO_RELATION
5.5-3,5.1.2-2,0.3072,NO_RELATION
5.10-1,5.3.1-3,0.3071,NO_RELATION
5.6-5,5.4.1-1.1,0.3071,NO_RELATION
5.4-3,5.1.2-2,0.3071,NO_RELATION
5.8-1,5.3.1-3,0.307,NO_RELATION
5.3-4A,5.4.1-3,0.307,NO_RELATION
5.6-4A,5.1.2-4,0.3069,NO_RELATION
5.2-2,5.1.2-4,0.3067,NO_RELATION
5.2-1,5.2.5-2,0.3067,NO_RELATION
5.4-4,5.1.3-1.2,0.3067,NO_RELATION
5.3-9,5.1.2-2,0.3066,NO_RELATION
5.3-6B,5.2.2-2,0.3065,NO_RELATION
5.13-1A,5.2.3-4,0.3064,NO_RELATION
5.6-5,5.1.3-3,0.3064,NO_RELATION
5.5-6,5.4.2-4,0.3063,NO_RELATION
5.12-3,5.3.1-2,0.3062,NO_RELATION
5.4-2,5.2.1-1,0.3061,NO_RELATION
5.8-2,5.2.1-2,0.3061,NO_RELATION
5.3-6B,5.1.2-6,0.306,NO_RELATION
5.3-9,5.2.3-2,0.306,NO_RELATION
5.0-1,5.2.1-3,0.306,NO_RELATION
5.3-9,5.2.2-6,0.3058,NO_RELATION
5.5-3,5.2.2-1,0.3058,NO_RELATION
5.5-7,5.2.2-4,0.3057,NO_RELATION
5.5-8,5.4.2-3,0.3057,NO_RELATION
5.13-1A,5.2.1-3,0.3056,NO_RELATION
5.3-10,5.3.1-1,0.3056,NO_RELATION
5.3-4A,5.2.5-2.1,0.3056,NO_RELATION
5.3-5,5.2.2-6,0.3056,NO_RELATION
5.11-4,5.2.1-1,0.3055,NO_RELATION
5.11-4,5.5.1-1,0.3052,NO_RELATION
5.3-1,5.1.2-5.1,0.3051,NO_RELATION
5.6-5,5.4.2-1,0.3051,NO_RELATION
5.3-15B,5.4.1-1,0.305,NO_RELATION
5.7-2,5.4.1-3,0.305,NO_RELATION
5.3-11,5.2.4-1.2,0.3049,NO_RELATION
5.3-5,5.1.3-3,0.3049,NO_RELATION
5.3-15A,5.2.1-1,0.3048,NO_RELATION
5.3-4A,5.1.3-2,0.3048,NO_RELATION
5.3-5,5.2.4-1.2,0.3048,NO_RELATION
5.6-4B,5.1.2-2,0.3047,NO_RELATION
5.3-1,5.1.3-1,0.3046,NO_RELATION
5.3-9,5.4.1-3,0.3045,NO_RELATION
5.3-10,5.4.1-2,0.3044,NO_RELATION
5.4-1,5.1.4-5,0.3044,NO_RELATION
5.3-9,5.1.3-3,0.3043,NO_RELATION
5.3-11,5.2.5-2.1,0.3043,NO_RELATION
5.3-12,5.2.2-4,0.304,NO_RELATION
5.4-4,5.2.2-2,0.3039,NO_RELATION
5.3-6B,5.1.3-2,0.3038,NO_RELATION
5.3-14,5.1.3-4,0.3037,NO_RELATION
5.7-2,5.5.1-2,0.3036,NO_RELATION
5.3-13,5.3.1-2,0.3036,NO_RELATION
5.6-4A,5.2.1-4.2,0.3035,NO_RELATION
5.2-1,5.3.1-1,0.3035,NO_RELATION
5.13-1B,5.1.2-1.1,0.3034,NO_RELATION
5.6-3,5.1.4-3,0.3033,NO_RELATION
5.6-1,5.5.1-2,0.3032,NO_RELATION
5.3-2,5.2.2-1,0.3032,NO_RELATION
5.11-1,5.2.3-2.2,0.3032,NO_RELATION
5.1-3,5.1.2-6,0.3032,NO_RELATION
5.13-1B,5.2.4-3,0.3031,NO_RELATION
5.12-1,5.2.4-1,0.3031,NO_RELATION
5.7-2,5.2.2-4,0.3031,NO_RELATION
5.12-2,5.2.1-1,0.303,NO_RELATION
5.6-1,5.1.3-4,0.303,NO_RELATION
5.13-1A,5.5.1-2,0.303,NO_RELATION
5.11-1,5.2.1-2,0.303,NO_RELATION
5.12-1,5.1.2-7,0.303,NO_RELATION
5.1-3,5.1.3-1.1,0.3028,NO_RELATION
5.3-4B,5.2.3-3,0.3028,NO_RELATION
5.3-9,5.1.2-5.1,0.3028,NO_RELATION
5.3-5,5.2.2-1,0.3028,NO_RELATION
5.5-8,5.2.2-5,0.3027,NO_RELATION
5.9-1,5.4.2-4,0.3027,NO_RELATION
5.3-1,5.4.2-1,0.3027,NO_RELATION
5.12-1,5.4.2-3,0.3027,NO_RELATION
5.4-1,5.1.2-1.1,0.3026,NO_RELATION
5.3-4B,5.2.3-2,0.3026,NO_RELATION
5.6-1,5.2.1-4.2,0.3025,NO_RELATION
5.2-3,5.2.1-3.1,0.3024,NO_RELATION
5.9-1,5.1.2-4,0.3023,NO_RELATION
5.9-1,5.1.2-5,0.3022,NO_RELATION
5.12-3,5.1.1-2.1,0.3021,NO_RELATION
5.3-12,5.4.1-2,0.3021,NO_RELATION
5.2-2,5.1.2-3,0.302,NO_RELATION
5.3-8,5.2.2-6,0.302,NO_RELATION
5.5-6,5.4.2-1,0.3019,NO_RELATION
5.9-1,5.2.3-1,0.3018,NO_RELATION
5.3-2,5.2.3-1,0.3018,NO_RELATION
5.3-10,5.1.2-3,0.3017,NO_RELATION
5.6-4B,5.3.1-3,0.3017,NO_RELATION
5.7-2,5.2.5-4.1,0.3016,NO_RELATION
5.4-2,5.1.1-2,0.3016,NO_RELATION
5.12-2,5.5.1-2,0.3015,NO_RELATION
5.3-15A,5.2.2-4,0.3015,NO_RELATION
5.6-4B,5.1.3-3,0.3014,NO_RELATION
5.3-9,5.5.1-2,0.3014,NO_RELATION
5.5-1,5.1.1-1,0.3012,NO_RELATION
5.1-1,5.1.2-5,0.3012,NO_RELATION
5.2-1,5.1.2-1.1,0.3012,NO_RELATION
5.3-16,5.3.1-1,0.3012,NO_RELATION
5.5-2,5.3.1-1,0.3011,NO_RELATION
5.7-2,5.1.1-2.1,0.301,NO_RELATION
5.6-2,5.1.2-2,0.3009,NO_RELATION
5.12-2,5.1.2-6,0.3007,NO_RELATION
5.3-13,5.3.1-2.1,0.3006,NO_RELATION
5.6-9,5.2.5-4,0.3005,NO_RELATION
5.5-1,5.4.1-1.1,0.3005,NO_RELATION
5.8-3,5.1.4-3,0.3005,NO_RELATION
5.2-3,5.1.1-1,0.3005,NO_RELATION
5.12-1,5.3.1-2,0.3004,NO_RELATION
5.3-4A,5.5.1-1,0.3002,NO_RELATION
5.3-6B,5.2.1-4.2,0.3002,NO_RELATION
5.3-7,5.1.2-5.1,0.3002,NO_RELATION
5.6-4A,5.3.1-1,0.3001,NO_RELATION
5.8-2,5.4.2-1,0.3001,NO_RELATION
5.4-2,5.4.2-4,0.3001,NO_RELATION
